matched_keyword,platform,data_type,pc_search_volume,mobile_search_volume,total_search_volume,competition,monthly_avg_pc_click,monthly_avg_mobile_click,term_id,keyword,term_type,english_name,term_code,keyword_rank
패딩,naver,monthly_absolute,4030,18500,22530,높음,10.1,72.0,159,패딩,ITEM,Puffer Jacket,ITEM_DOWN_JACKET,1
롱코트,naver,monthly_absolute,290,1390,1680,높음,0.5,6.8,157,코트,ITEM,Coat,ITEM_COAT,3
여성코트,naver,monthly_absolute,400,1670,2070,중간,1.0,14.5,157,코트,ITEM,Coat,ITEM_COAT,2
파카,naver,monthly_absolute,1240,3110,4350,높음,2.5,28.0,158,파카,ITEM,Parka,ITEM_PARKA,1
코트,naver,monthly_absolute,1440,8000,9440,높음,3.8,42.3,157,코트,ITEM,Coat,ITEM_COAT,1
트렌치코트,naver,monthly_absolute,2030,10900,12930,높음,11.7,94.0,172,트렌치코트,ITEM,Trench Coat,ITEM_TRENCH_COAT,1
가디건,naver,monthly_absolute,6620,22200,28820,높음,25.8,152.0,150,가디건,ITEM,Cardigan,ITEM_CARDIGAN,1
자켓,naver,monthly_absolute,4240,12400,16640,높음,1.9,22.0,156,재킷,ITEM,Jacket,ITEM_JACKET,1
블라우스,naver,monthly_absolute,5650,32900,38550,높음,58.7,362.0,139,블라우스,ITEM,Blouse,ITEM_BLOUSE,1
반바지,naver,monthly_absolute,2570,11000,13570,높음,10.0,76.4,176,쇼츠,ITEM,Shorts,ITEM_SHORTS,2
오피스룩,naver,monthly_absolute,2110,6000,8110,높음,80.1,174.8,532,오피스,TPO,Office,TPO_OFFICE,1
겨울옷,naver,monthly_absolute,260,1090,1350,높음,2.1,6.0,509,겨울,TPO,Winter,TPO_WINTER,2
겨울아우터,naver,monthly_absolute,90,400,490,높음,0.0,2.8,509,겨울,TPO,Winter,TPO_WINTER,4
더플코트,naver,monthly_absolute,230,1050,1280,높음,1.0,8.0,171,더플코트,ITEM,Duffle Coat,ITEM_DUFFLE_COAT,1
여성자켓,naver,monthly_absolute,1330,8190,9520,높음,11.2,104.2,156,재킷,ITEM,Jacket,ITEM_JACKET,3
고프코어,naver,monthly_absolute,890,3720,4610,높음,1.0,11.0,387,고프코어,STYLE,Gorpcore,STYLE_GORPCORE,1
하객룩,naver,monthly_absolute,9180,29500,38680,높음,352.3,1159.6,533,웨딩홀,TPO,Wedding Venue,TPO_WEDDING_VENUE,2
스커트,naver,monthly_absolute,1660,10000,11660,높음,4.5,44.4,188,스커트,ITEM,Skirt,ITEM_SKIRT,1
패딩베스트,naver,monthly_absolute,160,650,810,높음,0.5,2.8,153,베스트,ITEM,Vest,ITEM_VEST,2
로퍼,naver,monthly_absolute,4530,23600,28130,높음,40.1,326.2,205,로퍼,ITEM,Loafers,ITEM_LOAFERS,1
후드집업,naver,monthly_absolute,5490,41400,46890,중간,16.5,362.4,160,후드집업,ITEM,Zip-up Hoodie,ITEM_HOODED_ZIP_UP,1
블루종,naver,monthly_absolute,1380,5550,6930,높음,2.3,26.0,164,블루종,ITEM,Blouson,ITEM_BLOUSON,1
봄버재킷,naver,monthly_absolute,50,200,250,높음,0.0,0.3,162,봄버재킷,ITEM,Bomber Jacket,ITEM_BOMBER_JACKET,1
블레이저,naver,monthly_absolute,1330,7600,8930,중간,0.7,6.3,163,블레이저,ITEM,Blazer,ITEM_BLAZER,1
라이더재킷,naver,monthly_absolute,20,40,60,높음,0.0,0.0,161,라이더재킷,ITEM,Biker Jacket,ITEM_BIKER_JACKET,1
후드티,naver,monthly_absolute,4590,17700,22290,높음,10.6,105.6,147,후드,ITEM,Hoodie,ITEM_HOODIE,1
봄아우터,naver,monthly_absolute,5,30,35,높음,0.0,0.0,507,봄,TPO,Spring,TPO_SPRING,4
가을아우터,naver,monthly_absolute,490,1700,2190,높음,3.1,21.5,508,가을,TPO,Autumn,TPO_AUTUMN,4
레깅스,naver,monthly_absolute,2220,10400,12620,높음,61.7,360.8,173,레깅스,ITEM,Leggings,ITEM_LEGGINGS,1
치노팬츠,naver,monthly_absolute,1290,6310,7600,높음,3.9,28.5,182,치노팬츠,ITEM,Chino Pants,ITEM_CHINO_PANTS,1
티셔츠,naver,monthly_absolute,3410,13300,16710,높음,8.6,59.8,146,티셔츠,ITEM,T-shirt,ITEM_T_SHIRT,1
가을옷,naver,monthly_absolute,2070,7550,9620,높음,32.9,159.5,508,가을,TPO,Autumn,TPO_AUTUMN,2
버뮤다팬츠,naver,monthly_absolute,3350,26500,29850,높음,13.9,176.5,175,버뮤다팬츠,ITEM,Bermuda Shorts,ITEM_BERMUDA_SHORTS,1
재킷,naver,monthly_absolute,330,1400,1730,높음,0.6,3.3,156,재킷,ITEM,Jacket,ITEM_JACKET,2
슬랙스,naver,monthly_absolute,3700,10000,13700,중간,8.5,48.1,179,슬랙스,ITEM,Slacks,ITEM_SLACKS,1
숄더백,naver,monthly_absolute,4030,23600,27630,높음,22.5,241.0,227,숄더백,ITEM,Shoulder Bag,ITEM_SHOULDER_BAG,1
니트베스트,naver,monthly_absolute,460,2180,2640,높음,1.2,11.0,153,베스트,ITEM,Vest,ITEM_VEST,3
후드티셔츠,naver,monthly_absolute,140,530,670,높음,0.4,2.8,147,후드,ITEM,Hoodie,ITEM_HOODIE,2
야상,naver,monthly_absolute,1190,7730,8920,높음,2.3,24.0,166,야상,ITEM,Field Jacket,ITEM_FIELD_JACKET,1
루즈핏,naver,monthly_absolute,370,1820,2190,중간,0.2,3.8,609,루즈핏,DETAIL,Loose Fit,DETAIL_LOOSE_FIT,1
캐주얼룩,naver,monthly_absolute,150,1190,1340,높음,1.4,3.3,382,캐주얼,STYLE,Casual,STYLE_CASUAL,1
트레이닝재킷,naver,monthly_absolute,5,10,15,높음,0.0,0.0,169,트레이닝재킷,ITEM,Track Jacket,ITEM_TRACK_JACKET,1
세미와이드팬츠,naver,monthly_absolute,280,2170,2450,높음,2.6,20.2,621,세미와이드,DETAIL,Semi-wide,DETAIL_SEMI_WIDE,1
와이드팬츠,naver,monthly_absolute,1350,10600,11950,높음,8.4,83.6,615,와이드,DETAIL,Wide,DETAIL_WIDE,1
스타디움재킷,naver,monthly_absolute,10,10,20,높음,0.0,0.0,165,스타디움재킷,ITEM,Stadium Jacket,ITEM_STADIUM_JACKET,1
코치재킷,naver,monthly_absolute,20,50,70,높음,0.0,0.0,167,코치재킷,ITEM,Coach Jacket,ITEM_COACH_JACKET,1
트러커재킷,naver,monthly_absolute,40,60,100,높음,0.0,0.0,168,트러커재킷,ITEM,Trucker Jacket,ITEM_TRUCKER_JACKET,1
베스트조끼,naver,monthly_absolute,70,400,470,중간,0.2,1.5,153,베스트,ITEM,Vest,ITEM_VEST,1
봄코디,naver,monthly_absolute,60,70,130,높음,0.0,0.3,507,봄,TPO,Spring,TPO_SPRING,1
요가레깅스,naver,monthly_absolute,90,710,800,높음,5.1,30.8,173,레깅스,ITEM,Leggings,ITEM_LEGGINGS,2
플리스재킷,naver,monthly_absolute,10,40,50,높음,0.0,0.3,170,플리스재킷,ITEM,Fleece Jacket,ITEM_FLEECE_JACKET,1
운동복,naver,monthly_absolute,2980,12400,15380,높음,81.3,502.0,487,운동,TPO,Workout,TPO_WORKOUT,1
헬스복,naver,monthly_absolute,1190,5090,6280,높음,20.0,160.0,535,헬스장,TPO,Gym,TPO_GYM,2
애슬레저룩,naver,monthly_absolute,200,680,880,높음,2.8,13.6,400,애슬레저,STYLE,Athleisure,STYLE_ATHLEISURE,2
터틀넥,naver,monthly_absolute,520,2900,3420,중간,0.6,4.8,639,터틀넥,DETAIL,Turtleneck,DETAIL_TURTLENECK,1
무스탕,naver,monthly_absolute,1020,6260,7280,높음,4.5,42.8,151,무스탕,ITEM,Shearling Jacket,ITEM_MOUTON_JACKET,1
등산복,naver,monthly_absolute,4620,8340,12960,중간,28.6,200.2,526,등산로,TPO,Trail,TPO_MOUNTAIN,1
짐웨어,naver,monthly_absolute,1890,6390,8280,높음,123.1,393.8,487,운동,TPO,Workout,TPO_WORKOUT,3
탱크탑,naver,monthly_absolute,650,4050,4700,높음,2.0,26.8,148,탱크탑,ITEM,Tank Top,ITEM_TANK_TOP,1
골프웨어,naver,monthly_absolute,7820,42200,50020,중간,281.7,1673.7,484,골프,TPO,Golf,TPO_GOLF,1
볼캡,naver,monthly_absolute,2170,8990,11160,높음,4.7,67.0,246,볼캡,ITEM,Baseball Cap,ITEM_BALL_CAP,1
시스루,naver,monthly_absolute,590,4370,4960,중간,0.9,45.0,791,시스루,DETAIL,,,1
팬츠,naver,monthly_absolute,440,2040,2480,높음,1.1,10.8,174,팬츠,ITEM,Pants,ITEM_PANTS,1
바지,naver,monthly_absolute,4450,14700,19150,높음,3.3,54.8,174,팬츠,ITEM,Pants,ITEM_PANTS,2
여성팬츠,naver,monthly_absolute,110,810,920,높음,2.4,10.8,174,팬츠,ITEM,Pants,ITEM_PANTS,3
쇼츠,naver,monthly_absolute,1500,7220,8720,낮음,0.0,0.0,176,쇼츠,ITEM,Shorts,ITEM_SHORTS,1
카고팬츠,naver,monthly_absolute,1730,8550,10280,높음,5.1,71.5,183,카고팬츠,ITEM,Cargo Pants,ITEM_CARGO_PANTS,1
스웨트팬츠,naver,monthly_absolute,220,1500,1720,높음,0.6,7.3,177,스웨트팬츠,ITEM,Sweatpants,ITEM_SWEATPANTS,1
조거팬츠,naver,monthly_absolute,3600,8820,12420,높음,14.7,119.4,180,조거팬츠,ITEM,Jogger Pants,ITEM_JOGGER_PANTS,1
청바지,naver,monthly_absolute,5210,21200,26410,중간,42.9,404.9,181,청바지,ITEM,Jeans,ITEM_JEANS,1
멜빵바지,naver,monthly_absolute,700,5160,5860,높음,1.0,107.2,189,오버올,ITEM,Overall,ITEM_OVERALL,2
비치룩,naver,monthly_absolute,30,210,240,높음,2.1,16.0,524,해변,TPO,Beach,TPO_BEACH,1
테이퍼드팬츠,naver,monthly_absolute,100,480,580,중간,0.4,3.5,620,테이퍼드,DETAIL,Tapered,DETAIL_TAPERED,1
트레이닝팬츠,naver,monthly_absolute,400,2520,2920,높음,1.9,15.7,186,트레이닝팬츠,ITEM,Track Pants,ITEM_TRACK_PANTS,1
테이퍼드핏,naver,monthly_absolute,640,3210,3850,높음,1.9,17.0,620,테이퍼드,DETAIL,Tapered,DETAIL_TAPERED,2
핀턱팬츠,naver,monthly_absolute,70,420,490,높음,0.4,0.8,790,핀턱,DETAIL,,,2
스트레이트진,naver,monthly_absolute,90,650,740,높음,0.3,8.3,622,스트레이트,DETAIL,Straight,DETAIL_STRAIGHT,2
유넥티셔츠,naver,monthly_absolute,70,600,670,중간,0.6,3.8,633,유넥,DETAIL,U-Neck,DETAIL_U_NECK,2
트랙탑,naver,monthly_absolute,430,2230,2660,중간,1.7,13.8,145,트랙탑,ITEM,Track Top,ITEM_TRACK_TOP,1
스커트팬츠,naver,monthly_absolute,90,650,740,중간,0.9,3.0,178,스커트팬츠,ITEM,Skort,ITEM_SKORT,1
치마,naver,monthly_absolute,3490,10700,14190,높음,2.6,39.2,188,스커트,ITEM,Skirt,ITEM_SKIRT,2
플레어스커트,naver,monthly_absolute,810,5160,5970,높음,4.1,23.2,616,플레어,DETAIL,Flare,DETAIL_FLARE,1
큐롯팬츠,naver,monthly_absolute,340,2020,2360,높음,1.9,11.8,185,큐롯팬츠,ITEM,Culottes,ITEM_CULOTTES,1
플레어팬츠,naver,monthly_absolute,80,490,570,높음,0.0,1.8,616,플레어,DETAIL,Flare,DETAIL_FLARE,2
셔츠,naver,monthly_absolute,6290,19400,25690,높음,4.3,43.0,140,셔츠,ITEM,Shirt,ITEM_SHIRT,1
와이드핏,naver,monthly_absolute,90,560,650,높음,0.1,2.1,615,와이드,DETAIL,Wide,DETAIL_WIDE,2
카프리팬츠,naver,monthly_absolute,3270,28400,31670,높음,8.6,169.1,184,카프리팬츠,ITEM,Capri Pants,ITEM_CAPRI_PANTS,1
스키니진,naver,monthly_absolute,440,2570,3010,높음,1.1,13.0,614,스키니,DETAIL,Skinny,DETAIL_SKINNY,1
점프수트,naver,monthly_absolute,830,5280,6110,높음,3.9,96.8,191,점프수트,ITEM,Jumpsuit,ITEM_JUMPSUIT,1
하이웨스트,naver,monthly_absolute,300,2060,2360,중간,0.1,5.3,669,하이웨스트,DETAIL,High Rise,DETAIL_HIGH_RISE,1
여성셔츠,naver,monthly_absolute,880,5710,6590,높음,9.0,33.0,140,셔츠,ITEM,Shirt,ITEM_SHIRT,3
스키니팬츠,naver,monthly_absolute,10,80,90,높음,0.2,1.5,614,스키니,DETAIL,Skinny,DETAIL_SKINNY,2
셋업수트,naver,monthly_absolute,40,180,220,높음,0.1,1.0,187,세트업,ITEM,Matching Set,ITEM_SETUP,3
셋업정장,naver,monthly_absolute,50,120,170,높음,0.0,0.8,187,세트업,ITEM,Matching Set,ITEM_SETUP,1
세트업,naver,monthly_absolute,30,400,430,중간,0.0,1.4,187,세트업,ITEM,Matching Set,ITEM_SETUP,2
홈웨어,naver,monthly_absolute,1510,4920,6430,높음,26.7,109.8,500,홈웨어,TPO,Loungewear,TPO_LOUNGEWEAR,1
플리츠스커트,naver,monthly_absolute,2120,12700,14820,높음,12.1,145.3,758,플리츠,DETAIL,Pleats,DETAIL_PLEATS,1
A라인스커트,naver,monthly_absolute,490,3350,3840,높음,5.5,58.4,699,A라인,DETAIL,A-line,DETAIL_A_LINE,1
잠옷,naver,monthly_absolute,7080,39800,46880,높음,150.9,1284.6,251,잠옷,ITEM,Pajamas,ITEM_PAJAMAS,1
하객원피스,naver,monthly_absolute,1070,6020,7090,높음,32.0,178.4,504,결혼식 하객,TPO,Wedding Guest,TPO_WEDDING_GUEST,1
H라인스커트,naver,monthly_absolute,850,6010,6860,높음,7.3,62.3,700,H라인,DETAIL,H-line,DETAIL_H_LINE,1
트위드,naver,monthly_absolute,1230,7820,9050,중간,1.4,27.3,581,트위드,MATERIAL,Tweed,MATERIAL_TWEED,1
랩스커트,naver,monthly_absolute,740,5800,6540,높음,6.5,105.2,775,랩,DETAIL,Wrap,DETAIL_WRAP,2
벌룬스커트,naver,monthly_absolute,200,1770,1970,중간,0.6,40.3,703,벌룬,DETAIL,Balloon,DETAIL_BALLOON,1
머메이드스커트,naver,monthly_absolute,330,1800,2130,높음,3.0,14.0,701,머메이드,DETAIL,Mermaid,DETAIL_MERMAID,1
슬릿스커트,naver,monthly_absolute,120,800,920,높음,0.0,0.7,778,슬릿,DETAIL,Slit,DETAIL_SLIT,1
오버올,naver,monthly_absolute,70,200,270,높음,0.0,0.0,189,오버올,ITEM,Overall,ITEM_OVERALL,1
오버올점프수트,naver,monthly_absolute,5,5,10,낮음,0.0,0.0,189,오버올,ITEM,Overall,ITEM_OVERALL,3
원피스,naver,monthly_absolute,17500,93600,111100,높음,45.1,606.2,190,원피스,ITEM,Dress,ITEM_DRESS,1
비치웨어,naver,monthly_absolute,760,3000,3760,높음,43.1,254.4,524,해변,TPO,Beach,TPO_BEACH,2
여성원피스,naver,monthly_absolute,1590,12800,14390,높음,29.4,330.0,190,원피스,ITEM,Dress,ITEM_DRESS,2
잠옷세트,naver,monthly_absolute,540,2150,2690,높음,8.9,66.6,251,잠옷,ITEM,Pajamas,ITEM_PAJAMAS,3
결혼식하객룩,naver,monthly_absolute,5340,45200,50540,높음,181.1,1945.8,533,웨딩홀,TPO,Wedding Venue,TPO_WEDDING_VENUE,3
셔링원피스,naver,monthly_absolute,80,730,810,높음,0.5,5.5,771,셔링,DETAIL,Shirring,DETAIL_SHIRRING,2
H라인원피스,naver,monthly_absolute,160,1040,1200,높음,1.3,18.8,700,H라인,DETAIL,H-line,DETAIL_H_LINE,2
드레이프원피스,naver,monthly_absolute,60,500,560,높음,0.0,13.5,773,드레이프,DETAIL,Drape,DETAIL_DRAPE,2
랩원피스,naver,monthly_absolute,480,3380,3860,높음,4.4,70.8,775,랩,DETAIL,Wrap,DETAIL_WRAP,1
머메이드드레스,naver,monthly_absolute,460,3160,3620,높음,1.0,13.0,701,머메이드,DETAIL,Mermaid,DETAIL_MERMAID,2
A라인원피스,naver,monthly_absolute,190,1340,1530,중간,3.1,24.8,699,A라인,DETAIL,A-line,DETAIL_A_LINE,2
슬리퍼,naver,monthly_absolute,17700,69500,87200,높음,62.7,514.2,213,슬리퍼,ITEM,Slippers,ITEM_SLIPPERS,1
플로럴원피스,naver,monthly_absolute,30,220,250,높음,0.1,1.3,685,플로럴,DETAIL,Floral,DETAIL_FLORAL,2
여행패션,naver,monthly_absolute,130,370,500,높음,0.4,3.3,530,여행지,TPO,Travel Destination,TPO_TRAVEL_DESTINATION,3
여름패션,naver,monthly_absolute,50,410,460,높음,0.2,1.5,511,여름,TPO,Summer,TPO_SUMMER,3
워터파크룩,naver,monthly_absolute,10,40,50,중간,0.3,1.3,536,워터파크,TPO,Water Park,TPO_WATER_PARK,1
도트원피스,naver,monthly_absolute,140,1100,1240,높음,0.3,10.2,687,도트,DETAIL,Polka Dot,DETAIL_POLKA_DOT,2
파티드레스,naver,monthly_absolute,480,3140,3620,높음,29.7,254.2,192,드레스,ITEM,Gown,ITEM_DRESS_FORMAL,2
원피스드레스,naver,monthly_absolute,20,140,160,높음,0.1,6.0,192,드레스,ITEM,Gown,ITEM_DRESS_FORMAL,3
드레스,naver,monthly_absolute,1660,10100,11760,높음,5.2,84.6,192,드레스,ITEM,Gown,ITEM_DRESS_FORMAL,1
연말파티룩,naver,monthly_absolute,10,50,60,높음,0.1,2.0,518,연말연시,TPO,Year-end and New Year,TPO_NEW_YEAR_SEASON,2
웨딩촬영룩,naver,monthly_absolute,5,10,15,높음,0.0,0.0,502,웨딩 촬영,TPO,Wedding Photoshoot,TPO_WEDDING_PHOTOSHOOT,2
리본블라우스,naver,monthly_absolute,370,2750,3120,중간,6.1,86.9,754,리본,DETAIL,Ribbon,DETAIL_RIBBON,2
신발추천,naver,monthly_absolute,310,1010,1320,중간,0.1,5.8,193,신발,ITEM,Shoes,ITEM_SHOES,1
패션신발,naver,monthly_absolute,10,80,90,높음,0.0,1.5,193,신발,ITEM,Shoes,ITEM_SHOES,3
레인부츠,naver,monthly_absolute,1340,6960,8300,높음,6.7,144.6,194,레인부츠,ITEM,Rain Boots,ITEM_RAIN_BOOTS,1
워커부츠,naver,monthly_absolute,280,980,1260,높음,1.6,12.8,195,워커,ITEM,Combat Boots,ITEM_COMBAT_BOOTS,1
신발코디,naver,monthly_absolute,5,50,55,높음,0.0,0.0,193,신발,ITEM,Shoes,ITEM_SHOES,2
스니커즈,naver,monthly_absolute,6010,26300,32310,높음,43.3,386.8,212,스니커즈,ITEM,Sneakers,ITEM_SNEAKERS,1
워커신발,naver,monthly_absolute,70,570,640,높음,0.6,3.0,195,워커,ITEM,Combat Boots,ITEM_COMBAT_BOOTS,2
여성부츠,naver,monthly_absolute,470,2060,2530,높음,6.1,57.4,210,부츠,ITEM,Boots,ITEM_BOOTS,2
부츠,naver,monthly_absolute,1990,10200,12190,높음,11.9,99.1,210,부츠,ITEM,Boots,ITEM_BOOTS,1
펌프스,naver,monthly_absolute,770,2510,3280,높음,10.7,46.8,219,펌프스,ITEM,Pumps,ITEM_PUMPS,1
첼시부츠,naver,monthly_absolute,1370,6820,8190,높음,5.3,54.4,197,첼시부츠,ITEM,Chelsea Boots,ITEM_CHELSEA_BOOTS,1
플랫슈즈,naver,monthly_absolute,4000,26500,30500,높음,75.3,448.8,220,플랫슈즈,ITEM,Flats,ITEM_FLATS,1
펌프스힐,naver,monthly_absolute,300,2070,2370,높음,6.3,48.8,219,펌프스,ITEM,Pumps,ITEM_PUMPS,2
스틸레토힐,naver,monthly_absolute,710,4430,5140,높음,7.8,73.0,608,스틸레토힐,DETAIL,Stiletto Heel,DETAIL_STILETTO_HEEL,1
남성부츠,naver,monthly_absolute,230,650,880,높음,5.3,16.4,210,부츠,ITEM,Boots,ITEM_BOOTS,3
뮬슈즈,naver,monthly_absolute,10,80,90,높음,0.0,0.3,208,뮬,ITEM,Mules,ITEM_MULES,1
클로그샌들,naver,monthly_absolute,110,570,680,높음,0.6,3.0,217,클로그,ITEM,Clogs,ITEM_CLOG,2
레이스업부츠,naver,monthly_absolute,60,490,550,높음,0.7,3.5,632,레이스업,DETAIL,Lace-up,DETAIL_LACE_UP,2
워크부츠,naver,monthly_absolute,60,250,310,높음,0.3,3.8,196,워크부츠,ITEM,Work Boots,ITEM_WORK_BOOTS,1
스케이트화,naver,monthly_absolute,60,750,810,높음,0.5,22.8,198,스케이트화,ITEM,Skate Shoes,ITEM_SKATE_SHOES,1
슬립온슈즈,naver,monthly_absolute,5,50,55,높음,0.3,1.3,199,슬립온,ITEM,Slip-ons,ITEM_SLIP_ON,1
플랫폼슈즈,naver,monthly_absolute,70,360,430,높음,0.1,1.8,625,플랫폼솔,DETAIL,Platform Sole,DETAIL_PLATFORM_SOLE,1
여성힐,naver,monthly_absolute,50,460,510,높음,0.7,20.8,221,힐,ITEM,Heels,ITEM_HEELS,3
더비슈즈,naver,monthly_absolute,2460,11000,13460,중간,10.6,72.8,202,더비슈즈,ITEM,Derby Shoes,ITEM_DERBY_SHOES,1
옥스포드화,naver,monthly_absolute,70,390,460,높음,0.0,5.5,215,옥스포드화,ITEM,Oxford Shoes,ITEM_OXFORD_SHOES,1
슬라이드샌들,naver,monthly_absolute,610,40,650,높음,0.0,0.0,200,슬라이드,ITEM,Slides,ITEM_SLIDES,2
슬라이드슬리퍼,naver,monthly_absolute,100,370,470,높음,0.3,4.5,200,슬라이드,ITEM,Slides,ITEM_SLIDES,1
슬립온스니커즈,naver,monthly_absolute,30,100,130,높음,0.7,0.3,199,슬립온,ITEM,Slip-ons,ITEM_SLIP_ON,2
플립플랍,naver,monthly_absolute,470,2890,3360,높음,2.0,21.8,201,플립플랍,ITEM,Flip-flops,ITEM_FLIP_FLOPS,1
샌들,naver,monthly_absolute,4280,15500,19780,높음,17.2,202.0,211,샌들,ITEM,Sandals,ITEM_SANDALS,1
트레킹화,naver,monthly_absolute,5770,19000,24770,중간,66.4,409.6,218,트레킹화,ITEM,Trekking Shoes,ITEM_TREKKING_SHOES,1
여름샌들,naver,monthly_absolute,710,3050,3760,높음,8.9,56.6,211,샌들,ITEM,Sandals,ITEM_SANDALS,2
보트슈즈,naver,monthly_absolute,450,2290,2740,중간,2.6,22.8,209,보트슈즈,ITEM,Boat Shoes,ITEM_BOAT_SHOES,1
러닝화,naver,monthly_absolute,10600,38200,48800,높음,95.3,766.0,204,러닝화,ITEM,Running Shoes,ITEM_RUNNING_SHOES,1
런닝화,naver,monthly_absolute,10700,47900,58600,높음,151.8,1244.2,204,러닝화,ITEM,Running Shoes,ITEM_RUNNING_SHOES,2
등산화,naver,monthly_absolute,11700,44500,56200,중간,154.8,1068.7,203,등산화,ITEM,Hiking Shoes,ITEM_HIKING_BOOTS,1
메리제인슈즈,naver,monthly_absolute,2670,23600,26270,높음,53.1,606.2,206,메리제인슈즈,ITEM,Mary Jane Shoes,ITEM_MARY_JANE_SHOES,1
모카신,naver,monthly_absolute,580,2560,3140,중간,1.2,12.3,207,모카신,ITEM,Moccasins,ITEM_MOCCASINS,1
넥타이,naver,monthly_absolute,3940,14700,18640,높음,44.1,325.4,231,넥타이,ITEM,Necktie,ITEM_NECKTIE,1
슬링백,naver,monthly_absolute,6480,23600,30080,높음,14.0,131.2,214,슬링백,ITEM,Slingback Shoes,ITEM_SLINGBACK,1
실내운동화,naver,monthly_absolute,520,2520,3040,높음,2.9,54.6,216,인도어화,ITEM,Indoor Court Shoes,ITEM_INDOOR_SHOES,2
슬링백슈즈,naver,monthly_absolute,50,290,340,높음,1.3,8.3,214,슬링백,ITEM,Slingback Shoes,ITEM_SLINGBACK,2
인도어슈즈,naver,monthly_absolute,20,60,80,높음,0.4,0.0,216,인도어화,ITEM,Indoor Court Shoes,ITEM_INDOOR_SHOES,1
백팩,naver,monthly_absolute,15100,65100,80200,높음,105.3,892.4,225,백팩,ITEM,Backpack,ITEM_BACKPACK,1
크로스백,naver,monthly_absolute,10600,50000,60600,높음,36.9,563.8,229,크로스백,ITEM,Crossbody Bag,ITEM_CROSSBODY_BAG,1
토트백,naver,monthly_absolute,4340,20900,25240,높음,13.3,113.0,230,토트백,ITEM,Tote Bag,ITEM_TOTE_BAG,1
패션가방,naver,monthly_absolute,40,180,220,높음,0.6,4.0,223,가방,ITEM,Bag,ITEM_BAG,3
가방추천,naver,monthly_absolute,2930,8760,11690,높음,2.9,46.2,223,가방,ITEM,Bag,ITEM_BAG,1
패션벨트,naver,monthly_absolute,90,240,330,높음,0.4,7.0,235,벨트,ITEM,Belt,ITEM_BELT,1
브리프케이스,naver,monthly_absolute,970,2750,3720,높음,5.8,50.4,226,브리프케이스,ITEM,Briefcase,ITEM_BRIEFCASE,1
클로그,naver,monthly_absolute,1550,5940,7490,중간,13.9,127.5,217,클로그,ITEM,Clogs,ITEM_CLOG,1
웨지힐,naver,monthly_absolute,630,3120,3750,높음,4.2,43.0,606,웨지힐,DETAIL,Wedge Heel,DETAIL_WEDGE_HEEL,1
청키힐,naver,monthly_absolute,20,200,220,높음,0.0,1.7,607,청키힐,DETAIL,Chunky Heel,DETAIL_CHUNKY_HEEL,1
키튼힐,naver,monthly_absolute,250,1190,1440,중간,1.5,6.0,713,키튼힐,DETAIL,Kitten Heel,DETAIL_KITTEN_HEEL,1
발레플랫슈즈,naver,monthly_absolute,30,160,190,높음,0.3,0.3,222,발레플랫슈즈,ITEM,Ballet Flats,ITEM_BALLET_FLATS,1
하이힐,naver,monthly_absolute,760,4160,4920,높음,11.0,63.0,221,힐,ITEM,Heels,ITEM_HEELS,1
힐,naver,monthly_absolute,320,2960,3280,높음,3.0,43.6,221,힐,ITEM,Heels,ITEM_HEELS,2
발레코어,naver,monthly_absolute,440,1830,2270,높음,3.1,14.5,388,발레코어,STYLE,Balletcore,STYLE_BALLETCORE,1
스트랩샌들,naver,monthly_absolute,300,1570,1870,높음,2.3,22.1,631,스트랩,DETAIL,Strap,DETAIL_STRAP,1
바스켓백,naver,monthly_absolute,40,320,360,중간,0.0,1.0,224,바스켓백,ITEM,Basket Bag,ITEM_BASKET_BAG,1
가방코디,naver,monthly_absolute,5,50,55,높음,0.0,0.6,223,가방,ITEM,Bag,ITEM_BAG,2
유틸리티백,naver,monthly_absolute,20,90,110,높음,0.3,0.0,228,유틸리티백,ITEM,Utility Bag,ITEM_UTILITY_BAG,1
머플러,naver,monthly_absolute,1150,4590,5740,중간,1.5,13.3,233,머플러,ITEM,Winter Scarf,ITEM_MUFFLER,1
목도리,naver,monthly_absolute,880,3830,4710,중간,1.7,7.5,233,머플러,ITEM,Winter Scarf,ITEM_MUFFLER,2
넥타이추천,naver,monthly_absolute,60,220,280,높음,0.6,1.3,231,넥타이,ITEM,Necktie,ITEM_NECKTIE,2
레그워머,naver,monthly_absolute,610,2820,3430,높음,1.8,15.7,232,레그워머,ITEM,Leg Warmers,ITEM_LEG_WARMER,1
비니모자,naver,monthly_absolute,290,1940,2230,높음,1.8,18.3,247,비니,ITEM,Beanie,ITEM_BEANIE,2
니트타이,naver,monthly_absolute,120,440,560,중간,1.7,11.8,245,니트타이,ITEM,Knit Tie,ITEM_KNIT_TIE,1
모자추천,naver,monthly_absolute,240,900,1140,중간,0.1,5.3,234,모자,ITEM,Hat,ITEM_HAT,1
벨트추천,naver,monthly_absolute,40,200,240,높음,0.3,1.3,235,벨트,ITEM,Belt,ITEM_BELT,2
패션모자,naver,monthly_absolute,130,520,650,높음,0.5,5.8,234,모자,ITEM,Hat,ITEM_HAT,2
모자코디,naver,monthly_absolute,30,260,290,높음,0.0,0.0,234,모자,ITEM,Hat,ITEM_HAT,3
헤어밴드,naver,monthly_absolute,4360,20800,25160,높음,25.4,340.0,244,헤어밴드,ITEM,Headband,ITEM_HAIRBAND,1
볼캡모자,naver,monthly_absolute,270,1230,1500,높음,1.3,11.4,246,볼캡,ITEM,Baseball Cap,ITEM_BALL_CAP,2
손목시계,naver,monthly_absolute,4670,18700,23370,높음,23.3,206.8,237,시계,ITEM,Watch,ITEM_WATCH,1
패션시계,naver,monthly_absolute,140,580,720,높음,1.4,18.5,237,시계,ITEM,Watch,ITEM_WATCH,2
스카프코디,naver,monthly_absolute,120,930,1050,높음,0.0,5.5,236,스카프,ITEM,Scarf,ITEM_SCARF,3
스카프,naver,monthly_absolute,6340,28000,34340,중간,31.4,367.7,236,스카프,ITEM,Scarf,ITEM_SCARF,1
패션스카프,naver,monthly_absolute,10,70,80,높음,0.1,0.0,236,스카프,ITEM,Scarf,ITEM_SCARF,2
여름옷,naver,monthly_absolute,300,1440,1740,높음,4.0,18.4,511,여름,TPO,Summer,TPO_SUMMER,2
장갑추천,naver,monthly_absolute,5,10,15,높음,0.0,0.0,240,장갑,ITEM,Gloves,ITEM_GLOVES,3
오프숄더,naver,monthly_absolute,790,5520,6310,중간,1.2,13.0,643,오프숄더,DETAIL,Off Shoulder,DETAIL_OFF_SHOULDER,1
겨울코디,naver,monthly_absolute,80,380,460,높음,0.0,0.0,509,겨울,TPO,Winter,TPO_WINTER,1
안경테,naver,monthly_absolute,5350,21800,27150,높음,79.8,509.8,238,안경,ITEM,Glasses,ITEM_GLASSES,1
패션양말,naver,monthly_absolute,360,1740,2100,높음,10.3,75.0,239,양말,ITEM,Socks,ITEM_SOCKS,1
양말추천,naver,monthly_absolute,150,580,730,높음,1.0,8.3,239,양말,ITEM,Socks,ITEM_SOCKS,2
패션안경,naver,monthly_absolute,430,1810,2240,중간,3.6,34.3,238,안경,ITEM,Glasses,ITEM_GLASSES,2
패션장갑,naver,monthly_absolute,60,40,100,높음,0.0,0.0,240,장갑,ITEM,Gloves,ITEM_GLOVES,1
선글라스,naver,monthly_absolute,9990,37600,47590,높음,16.6,60.0,249,선글라스,ITEM,Sunglasses,ITEM_SUNGLASSES,1
긱시크,naver,monthly_absolute,630,3240,3870,높음,1.0,7.3,398,긱시크,STYLE,Geek Chic,STYLE_GEEK_SHEEK,1
긱시크룩,naver,monthly_absolute,50,370,420,높음,0.0,0.0,398,긱시크,STYLE,Geek Chic,STYLE_GEEK_SHEEK,2
주얼리,naver,monthly_absolute,1860,15200,17060,높음,48.3,142.6,241,주얼리,ITEM,Jewelry,ITEM_JEWELRY,1
가죽장갑,naver,monthly_absolute,350,1050,1400,높음,5.4,20.6,240,장갑,ITEM,Gloves,ITEM_GLOVES,2
주얼리추천,naver,monthly_absolute,20,60,80,높음,0.1,1.5,241,주얼리,ITEM,Jewelry,ITEM_JEWELRY,3
패션주얼리,naver,monthly_absolute,50,110,160,높음,1.6,4.3,241,주얼리,ITEM,Jewelry,ITEM_JEWELRY,2
가죽지갑,naver,monthly_absolute,530,2340,2870,높음,2.9,35.2,242,지갑,ITEM,Wallet,ITEM_WALLET,2
지갑추천,naver,monthly_absolute,150,700,850,높음,0.4,10.5,242,지갑,ITEM,Wallet,ITEM_WALLET,1
카라비너키링,naver,monthly_absolute,360,1480,1840,높음,2.4,20.0,243,카라비너,ITEM,Carabiner,ITEM_CARABINER,1
패션카라비너,naver,monthly_absolute,5,30,35,높음,0.0,0.0,243,카라비너,ITEM,Carabiner,ITEM_CARABINER,2
헤어밴드머리띠,naver,monthly_absolute,120,860,980,높음,1.4,20.2,244,헤어밴드,ITEM,Headband,ITEM_HAIRBAND,2
비니,naver,monthly_absolute,1280,7950,9230,중간,4.0,81.6,247,비니,ITEM,Beanie,ITEM_BEANIE,1
보드복,naver,monthly_absolute,660,2150,2810,높음,16.4,95.5,529,스키장,TPO,Ski Resort,TPO_SKI_RESORT,3
고프코어룩,naver,monthly_absolute,680,3430,4110,높음,1.3,8.3,387,고프코어,STYLE,Gorpcore,STYLE_GORPCORE,2
브라,naver,monthly_absolute,2070,21200,23270,높음,78.3,984.8,250,브라,ITEM,Bra,ITEM_BRA,1
브라렛,naver,monthly_absolute,1170,9160,10330,높음,24.5,310.0,250,브라,ITEM,Bra,ITEM_BRA,2
유틸리티벨트,naver,monthly_absolute,5,50,55,높음,0.0,0.0,248,유틸리티벨트,ITEM,Utility Belt,ITEM_UTILITY_BELT,1
여성팬티,naver,monthly_absolute,2270,22400,24670,중간,39.8,934.0,252,팬티,ITEM,Briefs,ITEM_UNDERWEAR_BOTTOM,2
스포츠브라,naver,monthly_absolute,2950,24800,27750,높음,89.6,1398.4,253,스포츠브라,ITEM,Sports Bra,ITEM_SPORTS_BRA,1
속옷브라,naver,monthly_absolute,5,120,125,중간,0.2,4.0,250,브라,ITEM,Bra,ITEM_BRA,3
팬티,naver,monthly_absolute,1940,14200,16140,중간,18.7,277.0,252,팬티,ITEM,Briefs,ITEM_UNDERWEAR_BOTTOM,1
파자마,naver,monthly_absolute,1950,10100,12050,높음,36.9,218.4,251,잠옷,ITEM,Pajamas,ITEM_PAJAMAS,2
홈웨어세트,naver,monthly_absolute,130,530,660,높음,0.9,12.8,500,홈웨어,TPO,Loungewear,TPO_LOUNGEWEAR,2
실내복,naver,monthly_absolute,390,2280,2670,중간,6.7,40.2,521,실내,TPO,Indoor,TPO_INDOOR,1
홈웨어추천,naver,monthly_absolute,10,30,40,높음,0.0,1.0,500,홈웨어,TPO,Loungewear,TPO_LOUNGEWEAR,3
공항룩,naver,monthly_absolute,150,1060,1210,높음,2.4,24.0,519,공항,TPO,Airport,TPO_AIRPORT,2
남성팬티,naver,monthly_absolute,1570,8450,10020,중간,19.4,184.4,252,팬티,ITEM,Briefs,ITEM_UNDERWEAR_BOTTOM,3
수영복,naver,monthly_absolute,12400,56800,69200,높음,273.3,1780.8,254,수영복,ITEM,Swimwear,ITEM_SWIMWEAR,1
비키니,naver,monthly_absolute,6390,42500,48890,높음,272.1,1581.4,254,수영복,ITEM,Swimwear,ITEM_SWIMWEAR,2
워터파크수영복,naver,monthly_absolute,120,980,1100,높음,1.9,18.4,536,워터파크,TPO,Water Park,TPO_WATER_PARK,2
래쉬가드,naver,monthly_absolute,7420,30600,38020,중간,192.7,1367.1,137,래시가드,ITEM,Rash Guard,ITEM_RASH_GUARD,2
그런지룩,naver,monthly_absolute,130,750,880,높음,0.3,3.8,374,그런지,STYLE,Grunge,STYLE_GRUNGE,1
클래식룩,naver,monthly_absolute,20,80,100,높음,0.0,0.3,375,클래식,STYLE,Classic,STYLE_CLASSIC,1
그런지패션,naver,monthly_absolute,5,30,35,높음,0.0,0.0,374,그런지,STYLE,Grunge,STYLE_GRUNGE,2
클래식패션,naver,monthly_absolute,20,80,100,높음,0.0,0.0,375,클래식,STYLE,Classic,STYLE_CLASSIC,2
클래식코디,naver,monthly_absolute,5,30,35,높음,0.0,0.0,375,클래식,STYLE,Classic,STYLE_CLASSIC,3
스트릿패션,naver,monthly_absolute,420,1840,2260,높음,6.3,29.4,378,스트릿웨어,STYLE,Streetwear,STYLE_STREETWEAR,2
아메카지룩,naver,monthly_absolute,390,2050,2440,높음,2.5,12.8,377,아메카지,STYLE,Amekaji,STYLE_AMEKAJI,2
젠더리스룩,naver,monthly_absolute,20,170,190,높음,0.0,0.0,386,젠더리스,STYLE,Genderless,STYLE_GENDERLESS,1
캠퍼스룩,naver,monthly_absolute,100,280,380,높음,4.4,23.4,534,캠퍼스,TPO,Campus,TPO_CAMPUS,1
스트릿룩,naver,monthly_absolute,30,170,200,높음,0.0,0.0,378,스트릿웨어,STYLE,Streetwear,STYLE_STREETWEAR,1
페미닌룩,naver,monthly_absolute,230,1320,1550,높음,4.8,13.0,376,페미닌,STYLE,Feminine,STYLE_FEMININE,1
아메카지,naver,monthly_absolute,1380,6360,7740,높음,5.2,54.5,377,아메카지,STYLE,Amekaji,STYLE_AMEKAJI,1
페미닌패션,naver,monthly_absolute,5,10,15,높음,0.0,0.0,376,페미닌,STYLE,Feminine,STYLE_FEMININE,2
블록코어,naver,monthly_absolute,340,1460,1800,높음,1.1,5.5,389,블록코어,STYLE,Blokecore,STYLE_BLOKECORE,1
블록코어룩,naver,monthly_absolute,230,1390,1620,높음,0.3,7.0,389,블록코어,STYLE,Blokecore,STYLE_BLOKECORE,2
시티보이룩,naver,monthly_absolute,90,580,670,높음,0.2,3.0,384,시티보이,STYLE,Cityboy,STYLE_CITYBOY,1
워크웨어룩,naver,monthly_absolute,10,80,90,높음,0.0,0.0,385,워크웨어,STYLE,Workwear,STYLE_WORKWEAR,2
아웃도어룩,naver,monthly_absolute,40,120,160,높음,0.0,0.0,522,야외,TPO,Outdoor,TPO_OUTDOOR,1
프레피룩,naver,monthly_absolute,730,5110,5840,높음,1.7,47.3,383,프레피,STYLE,Preppy,STYLE_PREPPY,1
빈티지룩,naver,monthly_absolute,50,210,260,높음,0.4,2.3,781,빈티지,STYLE,,,1
출근룩,naver,monthly_absolute,1040,3750,4790,높음,40.3,108.8,488,출근,TPO,Commute,TPO_COMMUTE,1
상견례룩,naver,monthly_absolute,250,830,1080,높음,6.9,24.8,494,상견례,TPO,Pre-wedding Family Meeting,TPO_FAMILY_MEETING,1
빈티지패션,naver,monthly_absolute,30,260,290,높음,0.0,0.3,781,빈티지,STYLE,,,2
워크웨어,naver,monthly_absolute,1420,5520,6940,높음,46.0,227.4,385,워크웨어,STYLE,Workwear,STYLE_WORKWEAR,1
캠핑복장,naver,monthly_absolute,30,190,220,높음,0.0,2.3,489,캠핑,TPO,Camping,TPO_CAMPING,2
졸업식룩,naver,monthly_absolute,10,110,120,중간,0.0,0.3,496,졸업식,TPO,Graduation,TPO_GRADUATION,1
레이어드룩,naver,monthly_absolute,50,350,400,높음,0.0,0.0,776,레이어드,DETAIL,Layered,DETAIL_LAYERED,1
돌잔치하객룩,naver,monthly_absolute,100,1170,1270,높음,0.1,2.8,492,돌잔치,TPO,First Birthday Party,TPO_FIRST_BIRTHDAY_PARTY,2
출근코디,naver,monthly_absolute,5,20,25,높음,0.3,0.5,488,출근,TPO,Commute,TPO_COMMUTE,3
스트릿웨어,naver,monthly_absolute,10,50,60,높음,0.1,1.3,378,스트릿웨어,STYLE,Streetwear,STYLE_STREETWEAR,3
시크룩,naver,monthly_absolute,10,60,70,높음,0.7,0.8,379,시크,STYLE,Chic,STYLE_CHIC,1
걸리시룩,naver,monthly_absolute,5,30,35,높음,0.0,0.0,380,걸리시,STYLE,Girlish,STYLE_GIRLISH,1
시크패션,naver,monthly_absolute,5,5,10,높음,0.0,0.3,379,시크,STYLE,Chic,STYLE_CHIC,2
빈티지의류,naver,monthly_absolute,110,390,500,높음,6.7,18.9,781,빈티지,STYLE,,,3
레드코디,naver,monthly_absolute,30,260,290,높음,0.0,0.4,451,레드,COLOR,Red,COLOR_RED,1
캐주얼코디,naver,monthly_absolute,10,80,90,높음,0.0,0.0,382,캐주얼,STYLE,Casual,STYLE_CASUAL,2
러블리룩,naver,monthly_absolute,10,50,60,높음,1.3,2.0,381,러블리,STYLE,Lovely,STYLE_LOVELY,1
걸리시패션,naver,monthly_absolute,5,5,10,낮음,0.0,0.0,380,걸리시,STYLE,Girlish,STYLE_GIRLISH,2
러블리코디,naver,monthly_absolute,5,10,15,높음,0.0,0.0,381,러블리,STYLE,Lovely,STYLE_LOVELY,2
여행룩,naver,monthly_absolute,390,1410,1800,높음,6.1,27.5,530,여행지,TPO,Travel Destination,TPO_TRAVEL_DESTINATION,1
미니멀룩,naver,monthly_absolute,110,600,710,높음,0.7,1.5,397,미니멀,STYLE,Minimal,STYLE_MINIMAL,1
크롭티,naver,monthly_absolute,1200,4880,6080,높음,1.5,30.8,783,크롭,DETAIL,,,1
발레코어룩,naver,monthly_absolute,260,1270,1530,높음,2.9,17.5,388,발레코어,STYLE,Balletcore,STYLE_BALLETCORE,2
공항패션,naver,monthly_absolute,410,2360,2770,높음,1.9,55.3,519,공항,TPO,Airport,TPO_AIRPORT,1
명절룩,naver,monthly_absolute,20,170,190,높음,0.7,1.6,486,명절,TPO,Korean Holiday,TPO_KOREAN_HOLIDAY,1
겨울패션,naver,monthly_absolute,30,200,230,높음,0.0,0.8,509,겨울,TPO,Winter,TPO_WINTER,3
미니멀패션,naver,monthly_absolute,60,400,460,높음,0.0,0.3,397,미니멀,STYLE,Minimal,STYLE_MINIMAL,2
스퀘어넥,naver,monthly_absolute,230,1150,1380,중간,0.4,7.0,642,스퀘어넥,DETAIL,Square Neck,DETAIL_SQUARE_NECK,1
환절기옷,naver,monthly_absolute,10,30,40,높음,0.0,0.0,517,환절기,TPO,Seasonal Transition,TPO_SEASONAL_TRANSITION,2
시티보이패션,naver,monthly_absolute,5,5,10,높음,0.0,0.0,384,시티보이,STYLE,Cityboy,STYLE_CITYBOY,2
캐주얼패션,naver,monthly_absolute,40,430,470,높음,1.2,4.3,382,캐주얼,STYLE,Casual,STYLE_CASUAL,3
프레피패션,naver,monthly_absolute,5,20,25,높음,0.0,0.0,383,프레피,STYLE,Preppy,STYLE_PREPPY,2
헨리넥,naver,monthly_absolute,1270,6570,7840,중간,4.7,40.0,640,헨리넥,DETAIL,Henley Neck,DETAIL_HENLEY_NECK,1
젠더리스패션,naver,monthly_absolute,10,60,70,높음,0.0,0.0,386,젠더리스,STYLE,Genderless,STYLE_GENDERLESS,2
레터링티셔츠,naver,monthly_absolute,110,1270,1380,중간,0.4,12.5,694,레터링,DETAIL,Lettering,DETAIL_LETTERING,1
고어텍스,naver,monthly_absolute,1090,4260,5350,높음,2.2,20.3,566,고어텍스,MATERIAL,GORE-TEX,MATERIAL_GORE_TEX,1
타이다이티셔츠,naver,monthly_absolute,50,400,450,중간,0.0,4.3,692,타이다이,DETAIL,Tie-dye,DETAIL_TIE_DYE,2
니트티,naver,monthly_absolute,160,810,970,높음,0.6,9.3,136,니트,ITEM,Knitwear,ITEM_KNIT,3
여성니트,naver,monthly_absolute,620,3130,3750,높음,7.0,43.0,136,니트,ITEM,Knitwear,ITEM_KNIT,4
니트웨어,naver,monthly_absolute,30,110,140,높음,0.6,1.3,136,니트,ITEM,Knitwear,ITEM_KNIT,2
래시가드,naver,monthly_absolute,1380,6450,7830,중간,20.0,132.2,137,래시가드,ITEM,Rash Guard,ITEM_RASH_GUARD,1
니트,naver,monthly_absolute,3060,12000,15060,높음,5.9,51.8,136,니트,ITEM,Knitwear,ITEM_KNIT,1
아가일니트,naver,monthly_absolute,210,1850,2060,높음,1.8,17.3,679,아가일,DETAIL,Argyle,DETAIL_ARGYLE,2
해변룩,naver,monthly_absolute,20,110,130,높음,0.9,3.3,524,해변,TPO,Beach,TPO_BEACH,3
남방셔츠,naver,monthly_absolute,280,2300,2580,높음,3.0,50.0,140,셔츠,ITEM,Shirt,ITEM_SHIRT,2
맨투맨,naver,monthly_absolute,4550,16200,20750,높음,9.0,83.6,138,맨투맨,ITEM,Sweatshirt,ITEM_SWEATSHIRT,1
러플블라우스,naver,monthly_absolute,190,1630,1820,높음,0.7,23.5,756,러플,DETAIL,Ruffle,DETAIL_RUFFLE,2
페플럼블라우스,naver,monthly_absolute,220,1840,2060,높음,1.8,21.6,705,페플럼,DETAIL,Peplum,DETAIL_PEPLUM,2
프릴블라우스,naver,monthly_absolute,680,4640,5320,높음,4.5,85.0,757,프릴,DETAIL,Frill,DETAIL_FRILL,2
슬리브리스,naver,monthly_absolute,810,3910,4720,높음,3.1,22.4,141,슬리브리스,ITEM,Sleeveless Top,ITEM_SLEEVELESS,1
유니폼룩,naver,monthly_absolute,20,110,130,높음,0.0,0.7,142,유니폼,ITEM,Uniform,ITEM_UNIFORM,1
유니폼패션,naver,monthly_absolute,20,140,160,높음,0.0,0.0,142,유니폼,ITEM,Uniform,ITEM_UNIFORM,2
저지상의,naver,monthly_absolute,5,5,10,높음,0.0,0.0,143,저지,ITEM,Jersey,ITEM_JERSEY,1
민소매,naver,monthly_absolute,640,3820,4460,높음,2.0,14.4,662,민소매,DETAIL,Sleeveless,DETAIL_SLEEVELESS,1
체크셔츠,naver,monthly_absolute,1210,8900,10110,높음,8.5,84.4,674,체크,DETAIL,Check,DETAIL_CHECK,2
퍼프소매,naver,monthly_absolute,70,440,510,높음,0.0,0.0,665,퍼프소매,DETAIL,Puff Sleeve,DETAIL_PUFF_SLEEVE,1
크롭탑,naver,monthly_absolute,280,1900,2180,높음,2.5,8.4,144,크롭탑,ITEM,Crop Top,ITEM_CROP_TOP,1
보트넥티셔츠,naver,monthly_absolute,240,1700,1940,중간,1.6,14.5,634,보트넥,DETAIL,Boat Neck,DETAIL_BOAT_NECK,2
레트로저지,naver,monthly_absolute,5,20,25,높음,0.0,0.0,143,저지,ITEM,Jersey,ITEM_JERSEY,2
저지탑,naver,monthly_absolute,5,30,35,높음,0.0,0.0,143,저지,ITEM,Jersey,ITEM_JERSEY,3
박시티,naver,monthly_absolute,10,170,180,높음,0.5,0.5,704,박시,DETAIL,Boxy,DETAIL_BOX,2
그래픽티셔츠,naver,monthly_absolute,230,3230,3460,높음,1.3,8.1,695,그래픽,DETAIL,Graphic,DETAIL_GRAPHIC,1
브이넥,naver,monthly_absolute,120,1000,1120,중간,0.5,8.0,635,브이넥,DETAIL,V-Neck,DETAIL_V_NECK,1
폴로셔츠,naver,monthly_absolute,4270,27900,32170,높음,39.0,430.4,149,폴로셔츠,ITEM,Polo Shirt,ITEM_POLO_SHIRT,1
무스탕자켓,naver,monthly_absolute,100,260,360,중간,0.1,3.5,151,무스탕,ITEM,Shearling Jacket,ITEM_MOUTON_JACKET,2
양털무스탕,naver,monthly_absolute,40,180,220,높음,0.3,2.5,151,무스탕,ITEM,Shearling Jacket,ITEM_MOUTON_JACKET,3
바람막이,naver,monthly_absolute,12600,54600,67200,높음,59.5,373.7,152,바람막이,ITEM,Windbreaker,ITEM_WINDBREAKER,1
볼레로,naver,monthly_absolute,1160,6450,7610,높음,1.3,3.8,154,볼레로,ITEM,Bolero,ITEM_BOLERO,1
아노락,naver,monthly_absolute,1970,7780,9750,높음,4.5,43.7,155,아노락,ITEM,Anorak,ITEM_ANORAK,1
바이크코어,naver,monthly_absolute,5,70,75,중간,0.0,0.0,390,바이크코어,STYLE,Bikercore,STYLE_BIKERCORE,1
바이크코어룩,naver,monthly_absolute,5,5,10,중간,0.0,0.0,390,바이크코어,STYLE,Bikercore,STYLE_BIKERCORE,2
코티지코어,naver,monthly_absolute,100,490,590,중간,0.0,0.6,391,코티지코어,STYLE,Cottagecore,STYLE_COTTAGECORE,1
Y2K룩,naver,monthly_absolute,10,50,60,중간,0.5,0.6,392,Y2K,STYLE,Y2K,STYLE_Y2K,2
Y2K패션,naver,monthly_absolute,90,420,510,높음,0.0,0.7,392,Y2K,STYLE,Y2K,STYLE_Y2K,1
다크아카데미아,naver,monthly_absolute,10,40,50,중간,0.0,0.0,393,다크 아카데미아,STYLE,Dark Academia,STYLE_DARK_ACADEMIA,1
와이투케이패션,naver,monthly_absolute,5,20,25,낮음,0.0,0.0,392,Y2K,STYLE,Y2K,STYLE_Y2K,3
코티지코어룩,naver,monthly_absolute,5,10,15,중간,0.0,0.0,391,코티지코어,STYLE,Cottagecore,STYLE_COTTAGECORE,2
레트로패션,naver,monthly_absolute,50,480,530,높음,0.1,2.5,394,레트로,STYLE,Retro,STYLE_RETRO,2
복고패션,naver,monthly_absolute,200,1870,2070,높음,1.4,34.5,394,레트로,STYLE,Retro,STYLE_RETRO,3
놈코어,naver,monthly_absolute,190,730,920,중간,0.7,1.5,395,놈코어,STYLE,Normcore,STYLE_NORMCORE,1
다크아카데미아룩,naver,monthly_absolute,5,5,10,낮음,0.0,0.0,393,다크 아카데미아,STYLE,Dark Academia,STYLE_DARK_ACADEMIA,2
레트로룩,naver,monthly_absolute,10,40,50,높음,0.3,0.0,394,레트로,STYLE,Retro,STYLE_RETRO,1
놈코어룩,naver,monthly_absolute,120,730,850,높음,0.0,0.0,395,놈코어,STYLE,Normcore,STYLE_NORMCORE,2
클린걸룩,naver,monthly_absolute,5,5,10,높음,0.0,0.0,396,클린 걸,STYLE,Clean Girl,STYLE_CLEAN_GIRL,1
클린걸패션,naver,monthly_absolute,5,5,10,낮음,0.0,0.0,396,클린 걸,STYLE,Clean Girl,STYLE_CLEAN_GIRL,2
미니멀코디,naver,monthly_absolute,10,20,30,높음,0.0,0.3,397,미니멀,STYLE,Minimal,STYLE_MINIMAL,3
비즈니스캐주얼룩,naver,monthly_absolute,10,40,50,높음,0.0,0.0,399,비즈니스코어,STYLE,Businesscore,STYLE_BUSINESSCORE,2
비즈니스코어,naver,monthly_absolute,5,5,10,낮음,0.0,0.0,399,비즈니스코어,STYLE,Businesscore,STYLE_BUSINESSCORE,1
애슬레저,naver,monthly_absolute,440,880,1320,높음,4.7,23.2,400,애슬레저,STYLE,Athleisure,STYLE_ATHLEISURE,1
파우더블루,naver,monthly_absolute,60,380,440,낮음,0.0,0.0,482,파우더블루,COLOR,Powder Blue,COLOR_POWDER_BLUE,1
파우더블루코디,naver,monthly_absolute,5,5,10,중간,0.0,0.0,482,파우더블루,COLOR,Powder Blue,COLOR_POWDER_BLUE,2
골프복,naver,monthly_absolute,690,3140,3830,높음,19.9,92.0,484,골프,TPO,Golf,TPO_GOLF,3
골프룩,naver,monthly_absolute,20,90,110,높음,0.3,2.5,484,골프,TPO,Golf,TPO_GOLF,2
면접복장,naver,monthly_absolute,1470,3970,5440,높음,2.8,40.0,485,면접,TPO,Job Interview,TPO_JOB_INTERVIEW,2
면접룩,naver,monthly_absolute,80,430,510,높음,0.9,6.8,485,면접,TPO,Job Interview,TPO_JOB_INTERVIEW,1
골프장패션,naver,monthly_absolute,10,30,40,높음,0.0,0.0,484,골프,TPO,Golf,TPO_GOLF,4
면접정장,naver,monthly_absolute,1170,1290,2460,중간,2.7,22.5,485,면접,TPO,Job Interview,TPO_JOB_INTERVIEW,3
개강룩,naver,monthly_absolute,70,280,350,높음,0.0,0.3,483,개강,TPO,New Semester,TPO_NEW_SEMESTER,1
명절옷,naver,monthly_absolute,10,50,60,높음,0.3,0.0,486,명절,TPO,Korean Holiday,TPO_KOREAN_HOLIDAY,2
명절코디,naver,monthly_absolute,5,30,35,중간,0.0,0.0,486,명절,TPO,Korean Holiday,TPO_KOREAN_HOLIDAY,3
여름코디,naver,monthly_absolute,170,820,990,높음,0.3,3.3,511,여름,TPO,Summer,TPO_SUMMER,1
출근복,naver,monthly_absolute,50,160,210,높음,1.0,2.3,488,출근,TPO,Commute,TPO_COMMUTE,2
운동복장,naver,monthly_absolute,5,30,35,높음,0.0,0.0,487,운동,TPO,Workout,TPO_WORKOUT,2
비즈니스캐주얼,naver,monthly_absolute,920,4770,5690,높음,1.0,13.3,506,비즈니스 미팅,TPO,Business Meeting,TPO_BUSINESS_MEETING,2
사무실룩,naver,monthly_absolute,10,40,50,높음,0.6,1.0,532,오피스,TPO,Office,TPO_OFFICE,3
캠핑코디,naver,monthly_absolute,10,60,70,높음,0.0,0.3,489,캠핑,TPO,Camping,TPO_CAMPING,3
캠핑룩,naver,monthly_absolute,130,490,620,높음,0.8,4.5,489,캠핑,TPO,Camping,TPO_CAMPING,1
회식룩,naver,monthly_absolute,5,30,35,높음,0.0,0.0,490,회식,TPO,Company Dinner,TPO_COMPANY_DINNER,1
회식코디,naver,monthly_absolute,5,10,15,중간,0.0,0.0,490,회식,TPO,Company Dinner,TPO_COMPANY_DINNER,2
데이트옷,naver,monthly_absolute,5,40,45,높음,0.0,0.7,491,데이트,TPO,Date,TPO_DATE,3
돌잔치룩,naver,monthly_absolute,90,600,690,높음,0.5,3.0,492,돌잔치,TPO,First Birthday Party,TPO_FIRST_BIRTHDAY_PARTY,1
데이트룩,naver,monthly_absolute,1000,760,1760,중간,0.5,4.8,491,데이트,TPO,Date,TPO_DATE,1
데이트코디,naver,monthly_absolute,10,70,80,높음,0.3,0.3,491,데이트,TPO,Date,TPO_DATE,2
돌잔치복장,naver,monthly_absolute,460,4750,5210,높음,1.0,45.3,492,돌잔치,TPO,First Birthday Party,TPO_FIRST_BIRTHDAY_PARTY,3
니트소재,naver,monthly_absolute,20,90,110,높음,0.0,0.0,540,니트,MATERIAL,Knit,MATERIAL_KNIT,1
상견례복장,naver,monthly_absolute,250,910,1160,높음,0.9,17.0,494,상견례,TPO,Pre-wedding Family Meeting,TPO_FAMILY_MEETING,2
브런치룩,naver,monthly_absolute,5,20,25,중간,0.0,0.0,493,브런치,TPO,Brunch,TPO_BRUNCH,1
브런치코디,naver,monthly_absolute,5,10,15,낮음,0.0,0.0,493,브런치,TPO,Brunch,TPO_BRUNCH,2
대학생코디,naver,monthly_absolute,20,120,140,높음,0.0,1.0,534,캠퍼스,TPO,Campus,TPO_CAMPUS,2
장례식복장,naver,monthly_absolute,910,11400,12310,높음,2.2,28.0,495,장례식,TPO,Funeral,TPO_FUNERAL,1
장례식룩,naver,monthly_absolute,5,40,45,높음,0.3,0.0,495,장례식,TPO,Funeral,TPO_FUNERAL,3
조문복장,naver,monthly_absolute,190,1980,2170,중간,1.1,25.1,495,장례식,TPO,Funeral,TPO_FUNERAL,2
졸업식복장,naver,monthly_absolute,40,300,340,높음,0.0,0.3,496,졸업식,TPO,Graduation,TPO_GRADUATION,2
봄옷,naver,monthly_absolute,60,70,130,높음,0.2,0.5,507,봄,TPO,Spring,TPO_SPRING,2
피크닉룩,naver,monthly_absolute,5,50,55,높음,0.3,0.3,499,피크닉,TPO,Picnic,TPO_PICNIC,1
콘서트코디,naver,monthly_absolute,20,140,160,중간,0.0,0.0,498,콘서트,TPO,Concert,TPO_CONCERT,2
집들이룩,naver,monthly_absolute,5,20,25,중간,0.0,0.0,497,집들이,TPO,Housewarming,TPO_HOUSEWARMING,1
콘서트룩,naver,monthly_absolute,50,300,350,중간,0.0,0.0,498,콘서트,TPO,Concert,TPO_CONCERT,1
집들이코디,naver,monthly_absolute,5,10,15,중간,0.0,0.0,497,집들이,TPO,Housewarming,TPO_HOUSEWARMING,2
생일파티룩,naver,monthly_absolute,5,20,25,높음,0.0,0.0,501,생일 파티,TPO,Birthday Party,TPO_BIRTHDAY_PARTY,1
피크닉코디,naver,monthly_absolute,5,30,35,높음,0.0,0.0,499,피크닉,TPO,Picnic,TPO_PICNIC,2
연말룩,naver,monthly_absolute,10,30,40,높음,0.0,0.5,518,연말연시,TPO,Year-end and New Year,TPO_NEW_YEAR_SEASON,1
클럽룩,naver,monthly_absolute,60,350,410,높음,1.3,6.8,515,나이트,TPO,Night,TPO_NIGHT,1
파티룩,naver,monthly_absolute,50,230,280,높음,2.9,11.0,501,생일 파티,TPO,Birthday Party,TPO_BIRTHDAY_PARTY,2
웨딩촬영의상,naver,monthly_absolute,5,50,55,높음,0.0,0.0,502,웨딩 촬영,TPO,Wedding Photoshoot,TPO_WEDDING_PHOTOSHOOT,1
스냅촬영의상,naver,monthly_absolute,5,20,25,높음,0.0,0.3,502,웨딩 촬영,TPO,Wedding Photoshoot,TPO_WEDDING_PHOTOSHOOT,3
와인코디,naver,monthly_absolute,5,10,15,중간,0.0,0.0,401,와인,COLOR,Wine,COLOR_WINE,1
하객패션,naver,monthly_absolute,40,230,270,높음,1.3,2.5,504,결혼식 하객,TPO,Wedding Guest,TPO_WEDDING_GUEST,2
크리스마스파티룩,naver,monthly_absolute,5,20,25,낮음,0.0,0.3,505,크리스마스,TPO,Christmas,TPO_CHRISTMAS,3
크리스마스코디,naver,monthly_absolute,10,30,40,높음,0.0,0.0,505,크리스마스,TPO,Christmas,TPO_CHRISTMAS,2
송년회룩,naver,monthly_absolute,5,5,10,높음,0.0,0.0,518,연말연시,TPO,Year-end and New Year,TPO_NEW_YEAR_SEASON,3
크리스마스룩,naver,monthly_absolute,5,50,55,높음,0.0,0.3,505,크리스마스,TPO,Christmas,TPO_CHRISTMAS,1
페스티벌룩,naver,monthly_absolute,60,240,300,높음,0.4,0.6,503,페스티벌,TPO,Festival,TPO_FESTIVAL,1
나이트룩,naver,monthly_absolute,5,20,25,높음,0.0,0.0,515,나이트,TPO,Night,TPO_NIGHT,2
버건디룩,naver,monthly_absolute,5,30,35,높음,0.0,0.4,402,버건디,COLOR,Burgundy,COLOR_BURGUNDY,2
버건디코디,naver,monthly_absolute,180,2040,2220,높음,0.4,4.0,402,버건디,COLOR,Burgundy,COLOR_BURGUNDY,1
버건디패션,naver,monthly_absolute,5,30,35,높음,0.4,0.0,402,버건디,COLOR,Burgundy,COLOR_BURGUNDY,3
와인룩,naver,monthly_absolute,5,50,55,중간,0.0,0.0,401,와인,COLOR,Wine,COLOR_WINE,2
와인패션,naver,monthly_absolute,5,5,10,낮음,0.0,0.0,401,와인,COLOR,Wine,COLOR_WINE,3
딥네이비,naver,monthly_absolute,80,280,360,높음,0.0,0.8,403,딥네이비,COLOR,Deep Navy,COLOR_DEEP_NAVY,1
딥네이비코디,naver,monthly_absolute,5,5,10,낮음,0.0,0.3,403,딥네이비,COLOR,Deep Navy,COLOR_DEEP_NAVY,2
아메시스트룩,naver,monthly_absolute,5,5,10,낮음,0.0,0.0,404,아메시스트,COLOR,Amethyst,COLOR_AMETHYST,2
아메시스트코디,naver,monthly_absolute,5,5,10,낮음,0.0,0.0,404,아메시스트,COLOR,Amethyst,COLOR_AMETHYST,1
아메시스트패션,naver,monthly_absolute,5,5,10,낮음,0.0,0.0,404,아메시스트,COLOR,Amethyst,COLOR_AMETHYST,3
에메랄드그린,naver,monthly_absolute,1220,5790,7010,높음,12.5,205.4,406,에메랄드그린,COLOR,Emerald Green,COLOR_EMERALD_GREEN,1
에메랄드그린코디,naver,monthly_absolute,5,5,10,중간,0.0,0.0,406,에메랄드그린,COLOR,Emerald Green,COLOR_EMERALD_GREEN,2
인디고블루룩,naver,monthly_absolute,5,5,10,낮음,0.0,0.0,405,인디고블루,COLOR,Indigo Blue,COLOR_INDIGO_BLUE,2
인디고블루코디,naver,monthly_absolute,5,5,10,중간,0.0,0.0,405,인디고블루,COLOR,Indigo Blue,COLOR_INDIGO_BLUE,1
인디고블루패션,naver,monthly_absolute,5,5,10,낮음,0.0,0.0,405,인디고블루,COLOR,Indigo Blue,COLOR_INDIGO_BLUE,3
탠룩,naver,monthly_absolute,5,5,10,낮음,0.0,0.0,408,탠,COLOR,Tan,COLOR_TAN,2
탠코디,naver,monthly_absolute,5,5,10,낮음,0.0,0.0,408,탠,COLOR,Tan,COLOR_TAN,1
탠패션,naver,monthly_absolute,5,5,10,낮음,0.0,0.0,408,탠,COLOR,Tan,COLOR_TAN,3
포레스트그린,naver,monthly_absolute,130,440,570,높음,0.0,0.7,407,포레스트그린,COLOR,Forest Green,COLOR_FOREST_GREEN,1
포레스트그린코디,naver,monthly_absolute,5,5,10,낮음,0.0,0.0,407,포레스트그린,COLOR,Forest Green,COLOR_FOREST_GREEN,2
카멜룩,naver,monthly_absolute,5,5,10,낮음,0.0,0.0,409,카멜,COLOR,Camel,COLOR_CAMEL,2
카멜코디,naver,monthly_absolute,5,40,45,중간,0.0,0.0,409,카멜,COLOR,Camel,COLOR_CAMEL,1
카멜패션,naver,monthly_absolute,5,5,10,낮음,0.0,0.0,409,카멜,COLOR,Camel,COLOR_CAMEL,3
카키룩,naver,monthly_absolute,5,5,10,높음,0.0,0.0,410,카키,COLOR,Khaki,COLOR_KHAKI,2
카키코디,naver,monthly_absolute,10,150,160,높음,0.0,0.0,410,카키,COLOR,Khaki,COLOR_KHAKI,1
러스트룩,naver,monthly_absolute,5,5,10,낮음,0.0,0.0,411,러스트,COLOR,Rust,COLOR_RUST,2
러스트코디,naver,monthly_absolute,5,5,10,낮음,0.0,0.0,411,러스트,COLOR,Rust,COLOR_RUST,1
러스트패션,naver,monthly_absolute,5,5,10,낮음,0.0,0.0,411,러스트,COLOR,Rust,COLOR_RUST,3
브라운코디,naver,monthly_absolute,70,740,810,중간,0.7,0.0,412,브라운,COLOR,Brown,COLOR_BROWN,1
카키패션,naver,monthly_absolute,5,5,10,높음,0.0,0.0,410,카키,COLOR,Khaki,COLOR_KHAKI,3
브라운룩,naver,monthly_absolute,5,5,10,높음,0.0,0.3,412,브라운,COLOR,Brown,COLOR_BROWN,2
브라운패션,naver,monthly_absolute,5,10,15,높음,0.0,0.3,412,브라운,COLOR,Brown,COLOR_BROWN,3
올리브룩,naver,monthly_absolute,5,5,10,높음,0.0,0.0,413,올리브,COLOR,Olive,COLOR_OLIVE,2
올리브코디,naver,monthly_absolute,10,130,140,중간,0.0,0.0,413,올리브,COLOR,Olive,COLOR_OLIVE,1
올리브패션,naver,monthly_absolute,10,20,30,중간,0.0,0.0,413,올리브,COLOR,Olive,COLOR_OLIVE,3
머스타드,naver,monthly_absolute,570,3280,3850,중간,0.6,36.0,415,머스타드,COLOR,Mustard,COLOR_MUSTARD,1
머스타드코디,naver,monthly_absolute,5,30,35,높음,0.0,0.0,415,머스타드,COLOR,Mustard,COLOR_MUSTARD,2
초콜릿룩,naver,monthly_absolute,5,5,10,낮음,0.0,0.0,414,초콜릿,COLOR,Chocolate,COLOR_CHOCOLATE,2
초콜릿코디,naver,monthly_absolute,5,5,10,낮음,0.0,0.0,414,초콜릿,COLOR,Chocolate,COLOR_CHOCOLATE,1
초콜릿패션,naver,monthly_absolute,5,5,10,중간,1.0,0.0,414,초콜릿,COLOR,Chocolate,COLOR_CHOCOLATE,3
다크브라운,naver,monthly_absolute,5,5,10,낮음,0.0,0.0,417,다크브라운,COLOR,Dark Brown,COLOR_DARK_BROWN,1
다크브라운코디,naver,monthly_absolute,10,110,120,높음,0.0,0.0,417,다크브라운,COLOR,Dark Brown,COLOR_DARK_BROWN,2
모카브라운,naver,monthly_absolute,260,2070,2330,높음,0.0,0.3,418,모카브라운,COLOR,Mocha Brown,COLOR_MOCHA_BROWN,1
브릭레드,naver,monthly_absolute,5,5,10,낮음,0.0,0.0,416,브릭레드,COLOR,Brick Red,COLOR_BRICK_RED,1
브릭레드코디,naver,monthly_absolute,5,5,10,낮음,0.0,0.0,416,브릭레드,COLOR,Brick Red,COLOR_BRICK_RED,2
세이지그린,naver,monthly_absolute,870,2900,3770,중간,1.7,23.0,419,세이지그린,COLOR,Sage Green,COLOR_SAGE_GREEN,1
모카브라운코디,naver,monthly_absolute,5,10,15,낮음,0.0,0.0,418,모카브라운,COLOR,Mocha Brown,COLOR_MOCHA_BROWN,2
세이지그린코디,naver,monthly_absolute,5,30,35,중간,0.0,0.0,419,세이지그린,COLOR,Sage Green,COLOR_SAGE_GREEN,2
코코아브라운,naver,monthly_absolute,50,210,260,높음,0.0,0.0,420,코코아브라운,COLOR,Cocoa Brown,COLOR_COCOA_BROWN,1
코코아브라운코디,naver,monthly_absolute,5,5,10,낮음,0.0,0.0,420,코코아브라운,COLOR,Cocoa Brown,COLOR_COCOA_BROWN,2
토스트브라운,naver,monthly_absolute,10,110,120,중간,0.0,0.0,421,토스트브라운,COLOR,Toast Brown,COLOR_TOAST_BROWN,1
토스트브라운코디,naver,monthly_absolute,5,5,10,낮음,0.0,0.0,421,토스트브라운,COLOR,Toast Brown,COLOR_TOAST_BROWN,2
틸룩,naver,monthly_absolute,5,5,10,낮음,0.0,0.0,422,틸,COLOR,Teal,COLOR_TEAL,2
틸코디,naver,monthly_absolute,5,5,10,낮음,0.0,0.0,422,틸,COLOR,Teal,COLOR_TEAL,1
틸패션,naver,monthly_absolute,5,5,10,낮음,0.0,0.0,422,틸,COLOR,Teal,COLOR_TEAL,3
그린코디,naver,monthly_absolute,10,90,100,중간,0.0,0.0,423,그린,COLOR,Green,COLOR_GREEN,1
그린패션,naver,monthly_absolute,5,10,15,중간,1.0,0.0,423,그린,COLOR,Green,COLOR_GREEN,3
민트코디,naver,monthly_absolute,5,110,115,높음,0.0,0.0,424,민트,COLOR,Mint,COLOR_MINT,1
민트룩,naver,monthly_absolute,5,10,15,높음,0.0,0.0,424,민트,COLOR,Mint,COLOR_MINT,2
그린룩,naver,monthly_absolute,5,20,25,높음,0.0,0.0,423,그린,COLOR,Green,COLOR_GREEN,2
블루패션,naver,monthly_absolute,50,20,70,중간,5.6,3.6,425,블루,COLOR,Blue,COLOR_BLUE,3
블루코디,naver,monthly_absolute,10,90,100,높음,0.0,0.0,425,블루,COLOR,Blue,COLOR_BLUE,1
블루룩,naver,monthly_absolute,5,5,10,높음,0.0,0.0,425,블루,COLOR,Blue,COLOR_BLUE,2
민트패션,naver,monthly_absolute,5,5,10,중간,0.0,0.0,424,민트,COLOR,Mint,COLOR_MINT,3
네이비코디,naver,monthly_absolute,70,700,770,높음,0.0,0.0,426,네이비,COLOR,Navy,COLOR_NAVY,1
네이비룩,naver,monthly_absolute,5,5,10,높음,0.0,0.0,426,네이비,COLOR,Navy,COLOR_NAVY,2
네이비패션,naver,monthly_absolute,5,5,10,낮음,0.0,0.0,426,네이비,COLOR,Navy,COLOR_NAVY,3
데님블루,naver,monthly_absolute,10,40,50,높음,0.0,0.0,427,데님블루,COLOR,Denim Blue,COLOR_DENIM_BLUE,1
데님블루코디,naver,monthly_absolute,5,5,10,낮음,0.0,0.0,427,데님블루,COLOR,Denim Blue,COLOR_DENIM_BLUE,2
스틸블루,naver,monthly_absolute,70,240,310,중간,0.0,0.0,428,스틸블루,COLOR,Steel Blue,COLOR_STEEL_BLUE,1
스카이블루코디,naver,monthly_absolute,5,110,115,높음,0.0,0.0,430,스카이블루,COLOR,Sky Blue,COLOR_SKY_BLUE,2
스카이블루,naver,monthly_absolute,450,3440,3890,중간,0.2,2.8,430,스카이블루,COLOR,Sky Blue,COLOR_SKY_BLUE,1
오션블루코디,naver,monthly_absolute,5,5,10,낮음,0.0,0.0,429,오션블루,COLOR,Ocean Blue,COLOR_OCEAN_BLUE,2
스틸블루코디,naver,monthly_absolute,5,5,10,중간,0.0,0.0,428,스틸블루,COLOR,Steel Blue,COLOR_STEEL_BLUE,2
오션블루,naver,monthly_absolute,160,640,800,높음,0.0,0.7,429,오션블루,COLOR,Ocean Blue,COLOR_OCEAN_BLUE,1
블랙룩,naver,monthly_absolute,10,120,130,높음,0.0,0.3,432,블랙,COLOR,Black,COLOR_BLACK,2
블랙코디,naver,monthly_absolute,10,200,210,높음,0.0,0.0,432,블랙,COLOR,Black,COLOR_BLACK,1
블랙패션,naver,monthly_absolute,5,60,65,높음,0.0,0.3,432,블랙,COLOR,Black,COLOR_BLACK,3
코발트블루,naver,monthly_absolute,1110,5620,6730,높음,0.0,2.7,431,코발트블루,COLOR,Cobalt Blue,COLOR_COBALT_BLUE,1
코발트블루코디,naver,monthly_absolute,10,120,130,높음,0.0,0.0,431,코발트블루,COLOR,Cobalt Blue,COLOR_COBALT_BLUE,2
차콜룩,naver,monthly_absolute,5,5,10,낮음,0.0,0.0,433,차콜,COLOR,Charcoal,COLOR_CHARCOAL,2
차콜코디,naver,monthly_absolute,20,200,220,높음,0.0,0.0,433,차콜,COLOR,Charcoal,COLOR_CHARCOAL,1
차콜패션,naver,monthly_absolute,5,5,10,낮음,0.0,0.0,433,차콜,COLOR,Charcoal,COLOR_CHARCOAL,3
크림룩,naver,monthly_absolute,5,5,10,낮음,0.0,0.0,434,크림,COLOR,Cream,COLOR_CREAM,2
크림코디,naver,monthly_absolute,5,5,10,높음,0.0,0.0,434,크림,COLOR,Cream,COLOR_CREAM,1
그레이룩,naver,monthly_absolute,5,10,15,높음,0.0,0.0,435,그레이,COLOR,Gray,COLOR_GRAY,2
그레이코디,naver,monthly_absolute,20,300,320,높음,0.0,0.0,435,그레이,COLOR,Gray,COLOR_GRAY,1
그레이패션,naver,monthly_absolute,5,10,15,높음,0.0,0.0,435,그레이,COLOR,Gray,COLOR_GRAY,3
베이지코디,naver,monthly_absolute,30,330,360,중간,0.0,0.0,436,베이지,COLOR,Beige,COLOR_BEIGE,1
크림패션,naver,monthly_absolute,5,5,10,높음,0.0,0.3,434,크림,COLOR,Cream,COLOR_CREAM,3
베이지룩,naver,monthly_absolute,5,20,25,높음,0.0,0.3,436,베이지,COLOR,Beige,COLOR_BEIGE,2
베이지패션,naver,monthly_absolute,5,5,10,높음,0.0,0.0,436,베이지,COLOR,Beige,COLOR_BEIGE,3
화이트룩,naver,monthly_absolute,5,50,55,높음,0.0,0.0,437,화이트,COLOR,White,COLOR_WHITE,2
화이트코디,naver,monthly_absolute,5,80,85,높음,0.0,0.3,437,화이트,COLOR,White,COLOR_WHITE,1
화이트패션,naver,monthly_absolute,5,20,25,높음,0.0,0.0,437,화이트,COLOR,White,COLOR_WHITE,3
그레이지,naver,monthly_absolute,260,790,1050,중간,1.5,7.9,438,그레이지,COLOR,Greige,COLOR_GREIGE,1
그레이지코디,naver,monthly_absolute,5,5,10,낮음,0.0,0.0,438,그레이지,COLOR,Greige,COLOR_GREIGE,2
아이보리룩,naver,monthly_absolute,5,5,10,높음,0.0,0.0,439,아이보리,COLOR,Ivory,COLOR_IVORY,2
아이보리코디,naver,monthly_absolute,10,120,130,높음,0.0,0.0,439,아이보리,COLOR,Ivory,COLOR_IVORY,1
아이보리패션,naver,monthly_absolute,5,5,10,높음,0.0,0.0,439,아이보리,COLOR,Ivory,COLOR_IVORY,3
샌드베이지,naver,monthly_absolute,470,2520,2990,높음,8.4,89.2,440,샌드베이지,COLOR,Sand Beige,COLOR_SAND_BEIGE,1
샌드베이지코디,naver,monthly_absolute,5,5,10,높음,0.0,0.0,440,샌드베이지,COLOR,Sand Beige,COLOR_SAND_BEIGE,2
애쉬그레이,naver,monthly_absolute,890,6800,7690,낮음,0.0,0.0,441,애쉬그레이,COLOR,Ash Gray,COLOR_ASH_GRAY,1
애쉬그레이코디,naver,monthly_absolute,5,5,10,낮음,0.0,0.0,441,애쉬그레이,COLOR,Ash Gray,COLOR_ASH_GRAY,2
오프화이트,naver,monthly_absolute,1700,9240,10940,높음,46.8,460.6,442,오프화이트,COLOR,Off-White,COLOR_OFF_WHITE,1
개강코디,naver,monthly_absolute,5,20,25,높음,0.0,0.3,483,개강,TPO,New Semester,TPO_NEW_SEMESTER,2
오프화이트코디,naver,monthly_absolute,5,10,15,높음,0.0,0.0,442,오프화이트,COLOR,Off-White,COLOR_OFF_WHITE,2
라이트그레이코디,naver,monthly_absolute,5,40,45,중간,0.0,0.0,443,라이트그레이,COLOR,Light Gray,COLOR_LIGHT_GRAY,2
라이트그레이,naver,monthly_absolute,5,5,10,낮음,0.0,0.0,443,라이트그레이,COLOR,Light Gray,COLOR_LIGHT_GRAY,1
스모키그레이,naver,monthly_absolute,5,20,25,높음,0.0,0.0,444,스모키그레이,COLOR,Smoky Gray,COLOR_SMOKY_GRAY,1
스모키그레이코디,naver,monthly_absolute,5,5,10,낮음,0.0,0.3,444,스모키그레이,COLOR,Smoky Gray,COLOR_SMOKY_GRAY,2
슬레이트그레이,naver,monthly_absolute,60,140,200,높음,0.0,0.0,446,슬레이트그레이,COLOR,Slate Gray,COLOR_SLATE_GRAY,1
오트밀베이지,naver,monthly_absolute,20,60,80,높음,0.0,0.0,445,오트밀베이지,COLOR,Oatmeal Beige,COLOR_OATMEAL_BEIGE,1
오트밀베이지코디,naver,monthly_absolute,5,5,10,낮음,0.0,0.0,445,오트밀베이지,COLOR,Oatmeal Beige,COLOR_OATMEAL_BEIGE,2
골드코디,naver,monthly_absolute,5,5,10,낮음,0.0,0.0,448,골드,COLOR,Gold,COLOR_GOLD,1
슬레이트그레이코디,naver,monthly_absolute,5,5,10,낮음,0.0,0.0,446,슬레이트그레이,COLOR,Slate Gray,COLOR_SLATE_GRAY,2
펄룩,naver,monthly_absolute,5,5,10,높음,0.0,0.0,447,펄,COLOR,Pearl,COLOR_PEARL,2
펄코디,naver,monthly_absolute,5,5,10,낮음,0.0,0.0,447,펄,COLOR,Pearl,COLOR_PEARL,1
펄패션,naver,monthly_absolute,5,5,10,낮음,0.0,0.0,447,펄,COLOR,Pearl,COLOR_PEARL,3
골드룩,naver,monthly_absolute,5,5,10,낮음,0.0,0.0,448,골드,COLOR,Gold,COLOR_GOLD,2
골드패션,naver,monthly_absolute,5,5,10,높음,0.0,0.0,448,골드,COLOR,Gold,COLOR_GOLD,3
실버룩,naver,monthly_absolute,5,5,10,높음,0.0,0.0,449,실버,COLOR,Silver,COLOR_SILVER,2
실버코디,naver,monthly_absolute,5,10,15,중간,0.0,0.0,449,실버,COLOR,Silver,COLOR_SILVER,1
실버패션,naver,monthly_absolute,5,10,15,높음,0.0,0.0,449,실버,COLOR,Silver,COLOR_SILVER,3
레드룩,naver,monthly_absolute,5,10,15,높음,0.0,0.3,451,레드,COLOR,Red,COLOR_RED,2
레드패션,naver,monthly_absolute,5,30,35,높음,0.0,0.0,451,레드,COLOR,Red,COLOR_RED,3
로즈골드,naver,monthly_absolute,460,2610,3070,중간,2.2,14.0,450,로즈골드,COLOR,Rose Gold,COLOR_ROSE_GOLD,1
로즈골드코디,naver,monthly_absolute,5,5,10,낮음,0.0,0.0,450,로즈골드,COLOR,Rose Gold,COLOR_ROSE_GOLD,2
코랄룩,naver,monthly_absolute,5,5,10,낮음,0.0,0.0,452,코랄,COLOR,Coral,COLOR_CORAL,2
코랄코디,naver,monthly_absolute,5,10,15,낮음,0.0,0.0,452,코랄,COLOR,Coral,COLOR_CORAL,1
코랄패션,naver,monthly_absolute,5,5,10,낮음,0.0,0.0,452,코랄,COLOR,Coral,COLOR_CORAL,3
퍼플룩,naver,monthly_absolute,5,10,15,높음,0.0,0.0,453,퍼플,COLOR,Purple,COLOR_PURPLE,2
퍼플코디,naver,monthly_absolute,20,220,240,중간,0.0,0.0,453,퍼플,COLOR,Purple,COLOR_PURPLE,1
옐로우코디,naver,monthly_absolute,5,50,55,중간,0.0,0.7,455,옐로우,COLOR,Yellow,COLOR_YELLOW,1
퍼플패션,naver,monthly_absolute,5,40,45,높음,0.0,0.0,453,퍼플,COLOR,Purple,COLOR_PURPLE,3
핑크룩,naver,monthly_absolute,10,30,40,높음,0.0,0.0,454,핑크,COLOR,Pink,COLOR_PINK,2
핑크코디,naver,monthly_absolute,10,160,170,높음,0.0,0.3,454,핑크,COLOR,Pink,COLOR_PINK,1
핑크패션,naver,monthly_absolute,5,10,15,높음,0.0,0.0,454,핑크,COLOR,Pink,COLOR_PINK,3
옐로우룩,naver,monthly_absolute,5,5,10,낮음,0.0,0.0,455,옐로우,COLOR,Yellow,COLOR_YELLOW,2
옐로우패션,naver,monthly_absolute,5,5,10,낮음,0.0,0.0,455,옐로우,COLOR,Yellow,COLOR_YELLOW,3
오렌지룩,naver,monthly_absolute,5,5,10,높음,0.0,0.3,456,오렌지,COLOR,Orange,COLOR_ORANGE,2
오렌지코디,naver,monthly_absolute,10,70,80,높음,0.0,0.0,456,오렌지,COLOR,Orange,COLOR_ORANGE,1
오렌지패션,naver,monthly_absolute,5,10,15,높음,0.0,1.3,456,오렌지,COLOR,Orange,COLOR_ORANGE,3
오키드룩,naver,monthly_absolute,5,5,10,낮음,0.0,0.0,457,오키드,COLOR,Orchid,COLOR_ORCHID,2
오키드코디,naver,monthly_absolute,5,5,10,낮음,0.0,0.0,457,오키드,COLOR,Orchid,COLOR_ORCHID,1
오키드패션,naver,monthly_absolute,5,5,10,낮음,0.0,0.0,457,오키드,COLOR,Orchid,COLOR_ORCHID,3
탠저린룩,naver,monthly_absolute,5,5,10,낮음,0.0,0.0,458,탠저린,COLOR,Tangerine,COLOR_TANGERINE,2
탠저린코디,naver,monthly_absolute,5,5,10,낮음,0.0,0.0,458,탠저린,COLOR,Tangerine,COLOR_TANGERINE,1
라임그린,naver,monthly_absolute,40,150,190,높음,0.7,0.0,460,라임그린,COLOR,Lime Green,COLOR_LIME_GREEN,1
탠저린패션,naver,monthly_absolute,5,5,10,낮음,0.0,0.0,458,탠저린,COLOR,Tangerine,COLOR_TANGERINE,3
퓨시아룩,naver,monthly_absolute,5,5,10,낮음,0.0,0.0,459,퓨시아,COLOR,Fuchsia,COLOR_FUCHSIA,2
퓨시아코디,naver,monthly_absolute,5,5,10,낮음,0.0,0.0,459,퓨시아,COLOR,Fuchsia,COLOR_FUCHSIA,1
퓨시아패션,naver,monthly_absolute,5,5,10,낮음,0.0,0.0,459,퓨시아,COLOR,Fuchsia,COLOR_FUCHSIA,3
라임그린코디,naver,monthly_absolute,5,5,10,중간,0.0,0.0,460,라임그린,COLOR,Lime Green,COLOR_LIME_GREEN,2
라즈베리,naver,monthly_absolute,1090,7720,8810,중간,2.9,110.8,461,라즈베리,COLOR,Raspberry,COLOR_RASPBERRY,1
라즈베리코디,naver,monthly_absolute,5,5,10,낮음,0.0,0.0,461,라즈베리,COLOR,Raspberry,COLOR_RASPBERRY,2
로즈핑크,naver,monthly_absolute,80,650,730,높음,0.0,1.7,462,로즈핑크,COLOR,Rose Pink,COLOR_ROSE_PINK,1
로즈핑크코디,naver,monthly_absolute,5,5,10,낮음,0.0,0.0,462,로즈핑크,COLOR,Rose Pink,COLOR_ROSE_PINK,2
애플그린,naver,monthly_absolute,20,130,150,높음,0.0,0.0,463,애플그린,COLOR,Apple Green,COLOR_APPLE_GREEN,1
애플그린코디,naver,monthly_absolute,5,5,10,낮음,0.0,0.0,463,애플그린,COLOR,Apple Green,COLOR_APPLE_GREEN,2
체리레드,naver,monthly_absolute,60,440,500,높음,0.0,0.0,464,체리레드,COLOR,Cherry Red,COLOR_CHERRY_RED,1
체리레드코디,naver,monthly_absolute,5,5,10,중간,0.0,0.0,464,체리레드,COLOR,Cherry Red,COLOR_CHERRY_RED,2
체리핑크,naver,monthly_absolute,30,240,270,높음,0.0,0.0,465,체리핑크,COLOR,Cherry Pink,COLOR_CHERRY_PINK,1
레몬옐로우,naver,monthly_absolute,30,120,150,높음,0.3,0.0,466,레몬옐로우,COLOR,Lemon Yellow,COLOR_LEMON_YELLOW,1
레몬옐로우코디,naver,monthly_absolute,5,5,10,낮음,0.0,0.0,466,레몬옐로우,COLOR,Lemon Yellow,COLOR_LEMON_YELLOW,2
선셋오렌지,naver,monthly_absolute,10,80,90,높음,0.0,0.0,467,선셋오렌지,COLOR,Sunset Orange,COLOR_SUNSET_ORANGE,1
선셋오렌지코디,naver,monthly_absolute,5,5,10,낮음,0.0,0.0,467,선셋오렌지,COLOR,Sunset Orange,COLOR_SUNSET_ORANGE,2
체리핑크코디,naver,monthly_absolute,5,5,10,낮음,0.0,0.0,465,체리핑크,COLOR,Cherry Pink,COLOR_CHERRY_PINK,2
워터멜론핑크,naver,monthly_absolute,5,20,25,낮음,0.0,0.7,469,워터멜론핑크,COLOR,Watermelon Pink,COLOR_WATERMELON_PINK,1
워터멜론핑크코디,naver,monthly_absolute,5,5,10,낮음,0.0,0.0,469,워터멜론핑크,COLOR,Watermelon Pink,COLOR_WATERMELON_PINK,2
카나리아옐로우,naver,monthly_absolute,5,5,10,중간,0.0,0.0,470,카나리아옐로우,COLOR,Canary Yellow,COLOR_CANARY_YELLOW,1
토마토레드,naver,monthly_absolute,10,80,90,높음,0.0,0.0,468,토마토레드,COLOR,Tomato Red,COLOR_TOMATO_RED,1
토마토레드코디,naver,monthly_absolute,5,5,10,낮음,0.0,0.0,468,토마토레드,COLOR,Tomato Red,COLOR_TOMATO_RED,2
살몬룩,naver,monthly_absolute,5,5,10,낮음,0.0,0.0,471,살몬,COLOR,Salmon,COLOR_SALMON,2
살몬코디,naver,monthly_absolute,5,5,10,낮음,0.0,0.0,471,살몬,COLOR,Salmon,COLOR_SALMON,1
살몬패션,naver,monthly_absolute,5,5,10,낮음,0.0,0.0,471,살몬,COLOR,Salmon,COLOR_SALMON,3
카나리아옐로우코디,naver,monthly_absolute,5,5,10,낮음,0.0,0.0,470,카나리아옐로우,COLOR,Canary Yellow,COLOR_CANARY_YELLOW,2
피치코디,naver,monthly_absolute,5,5,10,중간,0.0,0.5,472,피치,COLOR,Peach,COLOR_PEACH,1
라벤더룩,naver,monthly_absolute,5,5,10,낮음,0.0,0.0,473,라벤더,COLOR,Lavender,COLOR_LAVENDER,2
라벤더코디,naver,monthly_absolute,5,50,55,높음,0.0,0.8,473,라벤더,COLOR,Lavender,COLOR_LAVENDER,1
라벤더패션,naver,monthly_absolute,5,5,10,낮음,0.0,0.0,473,라벤더,COLOR,Lavender,COLOR_LAVENDER,3
피치룩,naver,monthly_absolute,5,5,10,낮음,0.0,0.0,472,피치,COLOR,Peach,COLOR_PEACH,2
피치패션,naver,monthly_absolute,5,5,10,중간,0.0,0.0,472,피치,COLOR,Peach,COLOR_PEACH,3
라일락룩,naver,monthly_absolute,5,5,10,낮음,0.0,0.0,474,라일락,COLOR,Lilac,COLOR_LILAC,2
라일락코디,naver,monthly_absolute,5,10,15,높음,0.0,0.0,474,라일락,COLOR,Lilac,COLOR_LILAC,1
라일락패션,naver,monthly_absolute,5,5,10,낮음,0.0,0.0,474,라일락,COLOR,Lilac,COLOR_LILAC,3
애프리콧,naver,monthly_absolute,180,1280,1460,중간,0.5,0.0,475,애프리콧,COLOR,Apricot,COLOR_APRICOT,1
애프리콧코디,naver,monthly_absolute,5,5,10,낮음,0.0,0.0,475,애프리콧,COLOR,Apricot,COLOR_APRICOT,2
더스티핑크,naver,monthly_absolute,80,420,500,중간,0.0,0.0,477,더스티핑크,COLOR,Dusty Pink,COLOR_DUSTY_PINK,1
더스티핑크코디,naver,monthly_absolute,5,5,10,낮음,0.0,0.0,477,더스티핑크,COLOR,Dusty Pink,COLOR_DUSTY_PINK,2
버터옐로우,naver,monthly_absolute,110,430,540,중간,0.7,1.6,478,버터옐로우,COLOR,Butter Yellow,COLOR_BUTTER_YELLOW,1
페리윙클,naver,monthly_absolute,90,560,650,중간,0.0,0.0,476,페리윙클,COLOR,Periwinkle,COLOR_PERIWINKLE,1
페리윙클코디,naver,monthly_absolute,5,5,10,낮음,0.0,0.0,476,페리윙클,COLOR,Periwinkle,COLOR_PERIWINKLE,2
버터옐로우코디,naver,monthly_absolute,10,100,110,중간,0.0,0.0,478,버터옐로우,COLOR,Butter Yellow,COLOR_BUTTER_YELLOW,2
베이비블루,naver,monthly_absolute,200,1330,1530,낮음,0.0,0.0,479,베이비블루,COLOR,Baby Blue,COLOR_BABY_BLUE,1
베이비블루코디,naver,monthly_absolute,5,5,10,높음,0.0,0.0,479,베이비블루,COLOR,Baby Blue,COLOR_BABY_BLUE,2
베이비핑크,naver,monthly_absolute,5,5,10,낮음,0.0,0.0,480,베이비핑크,COLOR,Baby Pink,COLOR_BABY_PINK,1
베이비핑크코디,naver,monthly_absolute,5,10,15,높음,0.0,0.0,480,베이비핑크,COLOR,Baby Pink,COLOR_BABY_PINK,2
모카신슈즈,naver,monthly_absolute,5,5,10,높음,0.0,0.0,207,모카신,ITEM,Moccasins,ITEM_MOCCASINS,2
아이스블루,naver,monthly_absolute,110,630,740,높음,0.0,0.7,481,아이스블루,COLOR,Ice Blue,COLOR_ICE_BLUE,1
아이스블루코디,naver,monthly_absolute,5,5,10,낮음,0.0,0.0,481,아이스블루,COLOR,Ice Blue,COLOR_ICE_BLUE,2
뮬샌들,naver,monthly_absolute,70,540,610,높음,0.3,3.3,208,뮬,ITEM,Mules,ITEM_MULES,2
패션슬리퍼,naver,monthly_absolute,20,140,160,높음,0.5,4.0,213,슬리퍼,ITEM,Slippers,ITEM_SLIPPERS,2
페스티벌패션,naver,monthly_absolute,5,20,25,높음,0.0,0.0,503,페스티벌,TPO,Festival,TPO_FESTIVAL,2
미팅복장,naver,monthly_absolute,5,30,35,높음,0.0,0.0,506,비즈니스 미팅,TPO,Business Meeting,TPO_BUSINESS_MEETING,3
비즈니스룩,naver,monthly_absolute,40,150,190,높음,0.0,2.8,506,비즈니스 미팅,TPO,Business Meeting,TPO_BUSINESS_MEETING,1
봄패션,naver,monthly_absolute,50,30,80,높음,0.0,0.0,507,봄,TPO,Spring,TPO_SPRING,3
플리츠,naver,monthly_absolute,3400,25900,29300,높음,110.4,1029.2,758,플리츠,DETAIL,Pleats,DETAIL_PLEATS,2
가을코디,naver,monthly_absolute,2550,3590,6140,높음,4.1,27.0,508,가을,TPO,Autumn,TPO_AUTUMN,1
가을패션,naver,monthly_absolute,2140,3920,6060,높음,6.1,69.5,508,가을,TPO,Autumn,TPO_AUTUMN,3
모닝룩,naver,monthly_absolute,5,5,10,낮음,0.0,0.0,510,아침,TPO,Morning,TPO_MORNING,1
아침코디,naver,monthly_absolute,5,5,10,낮음,0.0,0.0,510,아침,TPO,Morning,TPO_MORNING,2
디너룩,naver,monthly_absolute,5,5,10,높음,0.0,0.0,512,저녁,TPO,Evening,TPO_EVENING,3
이브닝룩,naver,monthly_absolute,5,5,10,낮음,0.0,0.0,512,저녁,TPO,Evening,TPO_EVENING,1
저녁룩,naver,monthly_absolute,5,5,10,낮음,0.0,0.0,512,저녁,TPO,Evening,TPO_EVENING,2
주말룩,naver,monthly_absolute,5,10,15,낮음,0.0,0.0,513,주말,TPO,Weekend,TPO_WEEKEND,1
주말코디,naver,monthly_absolute,5,10,15,낮음,0.0,0.0,513,주말,TPO,Weekend,TPO_WEEKEND,2
나이트클럽패션,naver,monthly_absolute,5,5,10,높음,0.0,0.3,515,나이트,TPO,Night,TPO_NIGHT,3
평일룩,naver,monthly_absolute,5,5,10,낮음,0.0,0.0,514,평일,TPO,Weekday,TPO_WEEKDAY,1
평일코디,naver,monthly_absolute,5,5,10,낮음,0.0,0.0,514,평일,TPO,Weekday,TPO_WEEKDAY,2
환절기코디,naver,monthly_absolute,5,50,55,높음,0.0,0.0,517,환절기,TPO,Seasonal Transition,TPO_SEASONAL_TRANSITION,1
데일리룩,naver,monthly_absolute,11200,50100,61300,높음,330.5,2290.8,516,데일리,TPO,Daily,TPO_DAILY,1
데일리코디,naver,monthly_absolute,10,50,60,높음,0.0,0.0,516,데일리,TPO,Daily,TPO_DAILY,2
환절기아우터,naver,monthly_absolute,5,30,35,높음,0.3,0.3,517,환절기,TPO,Seasonal Transition,TPO_SEASONAL_TRANSITION,3
도심코디,naver,monthly_absolute,5,5,10,낮음,0.0,0.0,520,도심,TPO,City,TPO_CITY,2
시티룩,naver,monthly_absolute,5,40,45,중간,0.0,0.0,520,도심,TPO,City,TPO_CITY,1
인도어룩,naver,monthly_absolute,5,5,10,낮음,0.0,0.0,521,실내,TPO,Indoor,TPO_INDOOR,2
야외활동복,naver,monthly_absolute,5,5,10,높음,0.0,0.3,522,야외,TPO,Outdoor,TPO_OUTDOOR,2
카페룩,naver,monthly_absolute,5,60,65,중간,0.0,0.0,523,카페,TPO,Cafe,TPO_CAFE,1
카페코디,naver,monthly_absolute,5,20,25,중간,0.0,0.0,523,카페,TPO,Cafe,TPO_CAFE,2
골프장룩,naver,monthly_absolute,5,10,15,높음,0.0,0.0,525,골프장,TPO,Golf Course,TPO_GOLF_COURSE,1
골프장코디,naver,monthly_absolute,5,10,15,높음,0.0,0.3,525,골프장,TPO,Golf Course,TPO_GOLF_COURSE,2
등산룩,naver,monthly_absolute,100,420,520,높음,0.0,0.3,526,등산로,TPO,Trail,TPO_MOUNTAIN,2
하이킹룩,naver,monthly_absolute,5,20,25,높음,0.3,0.3,526,등산로,TPO,Trail,TPO_MOUNTAIN,3
미술관룩,naver,monthly_absolute,5,20,25,중간,0.0,0.0,527,미술관,TPO,Museum,TPO_GALLERY,1
백화점룩,naver,monthly_absolute,5,10,15,낮음,0.0,0.0,528,백화점,TPO,Department Store,TPO_DEPARTMENT_STORE,1
쇼핑룩,naver,monthly_absolute,5,5,10,낮음,0.0,0.0,528,백화점,TPO,Department Store,TPO_DEPARTMENT_STORE,2
전시회룩,naver,monthly_absolute,20,60,80,높음,0.0,0.0,527,미술관,TPO,Museum,TPO_GALLERY,2
스키복,naver,monthly_absolute,1230,4400,5630,높음,29.8,188.8,529,스키장,TPO,Ski Resort,TPO_SKI_RESORT,2
스키장룩,naver,monthly_absolute,5,5,10,중간,0.0,0.0,529,스키장,TPO,Ski Resort,TPO_SKI_RESORT,1
여행코디,naver,monthly_absolute,60,240,300,높음,0.0,0.3,530,여행지,TPO,Travel Destination,TPO_TRAVEL_DESTINATION,2
영화관데이트룩,naver,monthly_absolute,5,10,15,중간,0.0,1.0,531,영화관,TPO,Movie Theater,TPO_MOVIE_THEATER,2
영화관룩,naver,monthly_absolute,5,20,25,낮음,0.0,0.0,531,영화관,TPO,Movie Theater,TPO_MOVIE_THEATER,1
오피스코디,naver,monthly_absolute,5,5,10,높음,0.0,0.5,532,오피스,TPO,Office,TPO_OFFICE,2
래글런,naver,monthly_absolute,270,760,1030,높음,0.0,0.3,788,래글런,DETAIL,,,1
웨딩홀하객룩,naver,monthly_absolute,5,5,10,낮음,0.0,0.0,533,웨딩홀,TPO,Wedding Venue,TPO_WEDDING_VENUE,1
헬스장룩,naver,monthly_absolute,5,40,45,높음,0.0,0.7,535,헬스장,TPO,Gym,TPO_GYM,1
MT룩,naver,monthly_absolute,5,10,15,높음,0.0,0.0,538,MT,TPO,Membership Training,TPO_MT,1
엠티룩,naver,monthly_absolute,5,10,15,높음,0.0,0.3,538,MT,TPO,Membership Training,TPO_MT,2
엠티코디,naver,monthly_absolute,5,5,10,낮음,0.0,0.0,538,MT,TPO,Membership Training,TPO_MT,3
워크숍룩,naver,monthly_absolute,5,5,10,높음,0.0,0.0,537,워크숍,TPO,Workshop,TPO_WORKSHOP,1
워크숍복장,naver,monthly_absolute,5,30,35,높음,0.0,0.0,537,워크숍,TPO,Workshop,TPO_WORKSHOP,2
니트원단,naver,monthly_absolute,90,390,480,중간,4.5,5.8,540,니트,MATERIAL,Knit,MATERIAL_KNIT,2
트윌원단,naver,monthly_absolute,120,420,540,중간,1.5,3.0,539,트윌,MATERIAL,Twill,MATERIAL_TWILL,2
트윌소재,naver,monthly_absolute,20,80,100,중간,0.0,0.0,539,트윌,MATERIAL,Twill,MATERIAL_TWILL,1
플란넬소재,naver,monthly_absolute,10,40,50,높음,0.0,0.0,541,플란넬,MATERIAL,Flannel,MATERIAL_FLANNEL,1
레이온원단,naver,monthly_absolute,60,340,400,중간,1.2,11.5,554,레이온,MATERIAL,Rayon,MATERIAL_VISCOSE,2
새틴원단,naver,monthly_absolute,100,400,500,중간,5.0,11.8,547,새틴,MATERIAL,Satin,MATERIAL_SATIN,2
캔버스원단,naver,monthly_absolute,250,870,1120,중간,6.4,32.6,585,캔버스,MATERIAL,Canvas,MATERIAL_CANVAS,2
코튼원단,naver,monthly_absolute,40,220,260,높음,0.3,4.5,602,코튼,MATERIAL,Cotton,MATERIAL_COTTON,2
린넨원단,naver,monthly_absolute,540,2200,2740,높음,16.7,94.6,600,린넨,MATERIAL,Linen,MATERIAL_LINEN,2
네오프렌,naver,monthly_absolute,400,1090,1490,높음,1.5,6.8,560,네오프렌,MATERIAL,Neoprene,MATERIAL_NEOPRENE,1
레이온소재,naver,monthly_absolute,370,3660,4030,중간,1.3,28.7,554,레이온,MATERIAL,Rayon,MATERIAL_VISCOSE,1
피그먼트원단,naver,monthly_absolute,60,300,360,중간,0.9,3.5,796,피그먼트,MATERIAL,,,2
워싱원단,naver,monthly_absolute,20,80,100,높음,0.3,2.5,571,워싱,MATERIAL,Wash,MATERIAL_WASHED,2
도비원단,naver,monthly_absolute,30,160,190,높음,0.4,2.3,589,도비,MATERIAL,Dobby,MATERIAL_DOBBY,2
와플원단,naver,monthly_absolute,90,310,400,중간,2.1,9.0,546,와플,MATERIAL,Waffle,MATERIAL_WAFFLE_WEAVE,2
자카드원단,naver,monthly_absolute,220,990,1210,중간,1.5,7.3,551,자카드,MATERIAL,Jacquard,MATERIAL_JACQUARD,2
포플린원단,naver,monthly_absolute,80,480,560,높음,0.0,0.8,588,포플린,MATERIAL,Poplin,MATERIAL_POPLIN,2
스판덱스원단,naver,monthly_absolute,50,200,250,높음,0.2,2.0,564,스판덱스,MATERIAL,Spandex,MATERIAL_SPANDEX,2
스웨이드소재,naver,monthly_absolute,40,140,180,높음,0.0,1.6,577,스웨이드,MATERIAL,Suede,MATERIAL_SUEDE,1
개버딘원단,naver,monthly_absolute,70,370,440,높음,0.4,6.3,545,개버딘,MATERIAL,Gabardine,MATERIAL_GABARDINE,2
아크릴원단,naver,monthly_absolute,50,100,150,높음,0.4,1.3,563,아크릴,MATERIAL,Acrylic,MATERIAL_ACRYLIC,2
폴리에스터원단,naver,monthly_absolute,110,550,660,높음,2.9,10.8,565,폴리에스터,MATERIAL,Polyester,MATERIAL_POLYESTER,2
옥스포드원단,naver,monthly_absolute,330,960,1290,중간,6.8,29.0,582,옥스포드,MATERIAL,Oxford,MATERIAL_OXFORD,2
골지원단,naver,monthly_absolute,60,220,280,중간,0.5,1.8,795,골지,MATERIAL,,,2
플리스원단,naver,monthly_absolute,50,120,170,높음,1.6,6.8,568,플리스,MATERIAL,Fleece,MATERIAL_FLEECE,2
데님원단,naver,monthly_absolute,130,590,720,높음,3.4,12.5,584,데님,MATERIAL,Denim,MATERIAL_DENIM,2
나일론원단,naver,monthly_absolute,250,1300,1550,높음,4.6,16.0,562,나일론,MATERIAL,Nylon,MATERIAL_NYLON,2
실크원단,naver,monthly_absolute,210,970,1180,중간,6.2,24.3,594,실크,MATERIAL,Silk,MATERIAL_SILK,2
모달원단,naver,monthly_absolute,110,450,560,높음,1.4,2.3,552,모달,MATERIAL,Modal,MATERIAL_MODAL,2
텐셀원단,naver,monthly_absolute,80,300,380,중간,2.2,6.3,553,텐셀,MATERIAL,Tencel,MATERIAL_TENCEL,2
테리원단,naver,monthly_absolute,260,1200,1460,중간,7.4,55.3,583,테리,MATERIAL,Terry Cloth,MATERIAL_TERRY_CLOTH,2
저지원단,naver,monthly_absolute,30,200,230,높음,0.5,5.5,542,저지,MATERIAL,Jersey,MATERIAL_JERSEY,1
플란넬원단,naver,monthly_absolute,110,430,540,중간,1.5,2.0,541,플란넬,MATERIAL,Flannel,MATERIAL_FLANNEL,2
벨루어소재,naver,monthly_absolute,10,20,30,중간,0.0,0.0,543,벨루어,MATERIAL,Velour,MATERIAL_VELOUR,1
벨루어원단,naver,monthly_absolute,10,20,30,높음,0.0,0.0,543,벨루어,MATERIAL,Velour,MATERIAL_VELOUR,2
저지소재,naver,monthly_absolute,20,70,90,높음,0.0,0.0,542,저지,MATERIAL,Jersey,MATERIAL_JERSEY,2
레이스원단,naver,monthly_absolute,530,3290,3820,높음,19.3,188.2,548,레이스,MATERIAL,Lace,MATERIAL_LACE,2
스웨이드원단,naver,monthly_absolute,250,1080,1330,중간,8.0,36.4,577,스웨이드,MATERIAL,Suede,MATERIAL_SUEDE,2
울원단,naver,monthly_absolute,60,230,290,높음,1.8,8.3,593,울,MATERIAL,Wool,MATERIAL_WOOL,2
모헤어원단,naver,monthly_absolute,30,80,110,높음,0.0,1.8,595,모헤어,MATERIAL,Mohair,MATERIAL_MOHAIR,2
시폰원단,naver,monthly_absolute,10,20,30,높음,0.0,1.0,573,시폰,MATERIAL,Chiffon,MATERIAL_CHIFFON,2
레더원단,naver,monthly_absolute,10,50,60,높음,0.1,1.0,574,레더,MATERIAL,Leather,MATERIAL_LEATHER,2
프렌치테리원단,naver,monthly_absolute,10,20,30,높음,0.0,0.0,544,프렌치테리,MATERIAL,French Terry,MATERIAL_FRENCH_TERRY,2
와플소재,naver,monthly_absolute,10,60,70,중간,0.0,0.0,546,와플,MATERIAL,Waffle,MATERIAL_WAFFLE_WEAVE,1
프렌치테리소재,naver,monthly_absolute,5,5,10,높음,0.0,0.3,544,프렌치테리,MATERIAL,French Terry,MATERIAL_FRENCH_TERRY,1
개버딘소재,naver,monthly_absolute,10,20,30,높음,0.0,0.0,545,개버딘,MATERIAL,Gabardine,MATERIAL_GABARDINE,1
쉬폰원단,naver,monthly_absolute,250,1080,1330,높음,8.6,52.4,797,쉬폰,MATERIAL,,,2
레이스소재,naver,monthly_absolute,5,10,15,높음,0.0,0.0,548,레이스,MATERIAL,Lace,MATERIAL_LACE,1
새틴소재,naver,monthly_absolute,60,240,300,높음,0.0,0.3,547,새틴,MATERIAL,Satin,MATERIAL_SATIN,1
인조가죽,naver,monthly_absolute,510,1340,1850,높음,6.3,27.5,557,인조가죽,MATERIAL,Faux Leather,MATERIAL_PU,1
벨벳원단,naver,monthly_absolute,270,700,970,중간,10.3,36.1,549,벨벳,MATERIAL,Velvet,MATERIAL_VELVET,2
극세사원단,naver,monthly_absolute,100,340,440,중간,1.8,11.5,569,극세사,MATERIAL,Microfiber,MATERIAL_MICROFIBER,2
앙고라원단,naver,monthly_absolute,5,20,25,중간,0.2,0.3,597,앙고라,MATERIAL,Angora,MATERIAL_ANGORA,2
벨벳소재,naver,monthly_absolute,40,170,210,높음,0.0,0.0,549,벨벳,MATERIAL,Velvet,MATERIAL_VELVET,1
자카드소재,naver,monthly_absolute,5,20,25,높음,0.0,0.0,551,자카드,MATERIAL,Jacquard,MATERIAL_JACQUARD,1
코듀로이,naver,monthly_absolute,680,3270,3950,중간,0.4,14.0,550,코듀로이,MATERIAL,Corduroy,MATERIAL_CORDUROY,1
코듀로이소재,naver,monthly_absolute,10,30,40,중간,0.0,0.0,550,코듀로이,MATERIAL,Corduroy,MATERIAL_CORDUROY,2
에코퍼원단,naver,monthly_absolute,5,5,10,중간,0.2,0.5,561,에코퍼,MATERIAL,Faux Fur,MATERIAL_FAUX_FUR,2
알파카원단,naver,monthly_absolute,5,50,55,높음,0.3,2.5,596,알파카,MATERIAL,Alpaca,MATERIAL_ALPACA,2
PVC원단,naver,monthly_absolute,160,490,650,높음,3.1,13.2,559,PVC,MATERIAL,Polyvinyl Chloride,MATERIAL_VINYL,2
모달소재,naver,monthly_absolute,760,5350,6110,높음,1.0,58.8,552,모달,MATERIAL,Modal,MATERIAL_MODAL,1
텐셀소재,naver,monthly_absolute,320,2230,2550,높음,0.0,0.7,553,텐셀,MATERIAL,Tencel,MATERIAL_TENCEL,1
아세테이트소재,naver,monthly_absolute,10,70,80,높음,0.0,0.0,556,아세테이트,MATERIAL,Acetate,MATERIAL_ACETATE,1
큐프로소재,naver,monthly_absolute,20,60,80,낮음,0.0,0.0,555,큐프로,MATERIAL,Cupro,MATERIAL_CUPRO,1
큐프로원단,naver,monthly_absolute,30,60,90,중간,0.0,0.0,555,큐프로,MATERIAL,Cupro,MATERIAL_CUPRO,2
아세테이트원단,naver,monthly_absolute,130,840,970,높음,0.3,0.3,556,아세테이트,MATERIAL,Acetate,MATERIAL_ACETATE,2
인조가죽소재,naver,monthly_absolute,5,5,10,높음,0.0,0.0,557,인조가죽,MATERIAL,Faux Leather,MATERIAL_PU,2
폴리우레탄소재,naver,monthly_absolute,70,410,480,높음,0.4,2.0,558,폴리우레탄,MATERIAL,Polyurethane,MATERIAL_POLYURETHANE,1
폴리우레탄원단,naver,monthly_absolute,20,30,50,중간,0.4,0.8,558,폴리우레탄,MATERIAL,Polyurethane,MATERIAL_POLYURETHANE,2
PVC소재,naver,monthly_absolute,160,230,390,높음,0.3,0.0,559,PVC,MATERIAL,Polyvinyl Chloride,MATERIAL_VINYL,1
네오프렌소재,naver,monthly_absolute,20,20,40,높음,0.0,0.0,560,네오프렌,MATERIAL,Neoprene,MATERIAL_NEOPRENE,2
에코퍼소재,naver,monthly_absolute,5,5,10,낮음,0.0,0.0,561,에코퍼,MATERIAL,Faux Fur,MATERIAL_FAUX_FUR,1
아크릴소재,naver,monthly_absolute,220,1010,1230,높음,3.3,17.6,563,아크릴,MATERIAL,Acrylic,MATERIAL_ACRYLIC,1
나일론소재,naver,monthly_absolute,100,550,650,중간,0.4,2.0,562,나일론,MATERIAL,Nylon,MATERIAL_NYLON,1
스판덱스소재,naver,monthly_absolute,5,10,15,높음,0.0,0.0,564,스판덱스,MATERIAL,Spandex,MATERIAL_SPANDEX,1
폴리에스터소재,naver,monthly_absolute,30,70,100,높음,0.0,0.0,565,폴리에스터,MATERIAL,Polyester,MATERIAL_POLYESTER,1
고어텍스소재,naver,monthly_absolute,10,20,30,낮음,0.0,0.0,566,고어텍스,MATERIAL,GORE-TEX,MATERIAL_GORE_TEX,2
튤소재,naver,monthly_absolute,20,70,90,높음,0.0,0.0,567,튤,MATERIAL,Tulle,MATERIAL_TULLE,1
튤원단,naver,monthly_absolute,10,60,70,중간,0.3,2.0,567,튤,MATERIAL,Tulle,MATERIAL_TULLE,2
플리스소재,naver,monthly_absolute,20,60,80,중간,0.0,0.5,568,플리스,MATERIAL,Fleece,MATERIAL_FLEECE,1
피그먼트워싱,naver,monthly_absolute,70,210,280,높음,0.0,0.0,570,피그먼트 워싱,MATERIAL,Pigment Wash,MATERIAL_WASHING,1
극세사소재,naver,monthly_absolute,5,10,15,높음,0.0,0.3,569,극세사,MATERIAL,Microfiber,MATERIAL_MICROFIBER,1
워싱소재,naver,monthly_absolute,5,10,15,높음,0.0,0.0,571,워싱,MATERIAL,Wash,MATERIAL_WASHED,1
피그먼트워싱소재,naver,monthly_absolute,5,5,10,낮음,0.0,0.0,570,피그먼트 워싱,MATERIAL,Pigment Wash,MATERIAL_WASHING,2
시어서커,naver,monthly_absolute,720,3380,4100,높음,1.7,18.5,590,시어서커,MATERIAL,Seersucker,MATERIAL_SEERSUCKER,1
디스트레스드,naver,monthly_absolute,30,100,130,높음,0.0,0.0,572,디스트레스드,MATERIAL,Distressed,MATERIAL_DISTRESSED,1
디스트레스드소재,naver,monthly_absolute,5,5,10,낮음,0.0,0.0,572,디스트레스드,MATERIAL,Distressed,MATERIAL_DISTRESSED,2
시폰소재,naver,monthly_absolute,5,10,15,중간,0.0,0.0,573,시폰,MATERIAL,Chiffon,MATERIAL_CHIFFON,1
레더소재,naver,monthly_absolute,5,30,35,높음,0.0,0.0,574,레더,MATERIAL,Leather,MATERIAL_LEATHER,1
리얼퍼소재,naver,monthly_absolute,5,5,10,낮음,0.0,0.0,575,리얼퍼,MATERIAL,Real Fur,MATERIAL_REAL_FUR,1
리얼퍼원단,naver,monthly_absolute,5,5,10,높음,0.0,0.3,575,리얼퍼,MATERIAL,Real Fur,MATERIAL_REAL_FUR,2
무스탕소재,naver,monthly_absolute,5,20,25,높음,0.0,0.0,576,무스탕,MATERIAL,Shearling,MATERIAL_SHEARLING,1
메시소재,naver,monthly_absolute,40,110,150,중간,0.0,0.7,578,메시,MATERIAL,Mesh,MATERIAL_MESH,1
메시원단,naver,monthly_absolute,10,40,50,높음,0.0,0.3,578,메시,MATERIAL,Mesh,MATERIAL_MESH,2
양털소재,naver,monthly_absolute,5,5,10,높음,0.0,0.3,576,무스탕,MATERIAL,Shearling,MATERIAL_SHEARLING,2
다운소재,naver,monthly_absolute,5,10,15,낮음,0.0,0.0,579,다운,MATERIAL,Down,MATERIAL_DOWN,1
다운원단,naver,monthly_absolute,5,5,10,낮음,0.0,0.0,579,다운,MATERIAL,Down,MATERIAL_DOWN,2
헤링본,naver,monthly_absolute,810,2930,3740,높음,3.2,45.8,580,헤링본,MATERIAL,Herringbone,MATERIAL_HERRINGBONE,1
헤링본소재,naver,monthly_absolute,5,10,15,높음,0.0,0.0,580,헤링본,MATERIAL,Herringbone,MATERIAL_HERRINGBONE,2
옥스포드소재,naver,monthly_absolute,10,40,50,높음,0.0,0.0,582,옥스포드,MATERIAL,Oxford,MATERIAL_OXFORD,1
테리소재,naver,monthly_absolute,80,420,500,높음,0.0,0.9,583,테리,MATERIAL,Terry Cloth,MATERIAL_TERRY_CLOTH,1
트위드소재,naver,monthly_absolute,10,40,50,중간,0.0,0.0,581,트위드,MATERIAL,Tweed,MATERIAL_TWEED,2
데님소재,naver,monthly_absolute,10,50,60,높음,0.0,0.0,584,데님,MATERIAL,Denim,MATERIAL_DENIM,1
생지소재,naver,monthly_absolute,5,5,10,높음,0.0,0.0,586,생지,MATERIAL,Raw Denim,MATERIAL_DRY_DENIM,1
캔버스소재,naver,monthly_absolute,40,200,240,높음,0.0,0.0,585,캔버스,MATERIAL,Canvas,MATERIAL_CANVAS,1
포플린소재,naver,monthly_absolute,5,20,25,높음,0.0,0.0,588,포플린,MATERIAL,Poplin,MATERIAL_POPLIN,1
셀비지,naver,monthly_absolute,160,540,700,높음,0.0,0.0,587,셀비지,MATERIAL,Selvedge Denim,MATERIAL_SELVAGE,1
생지원단,naver,monthly_absolute,20,40,60,높음,0.0,0.0,586,생지,MATERIAL,Raw Denim,MATERIAL_DRY_DENIM,2
셀비지소재,naver,monthly_absolute,5,5,10,낮음,0.0,0.0,587,셀비지,MATERIAL,Selvedge Denim,MATERIAL_SELVAGE,2
도비소재,naver,monthly_absolute,5,5,10,낮음,0.0,0.0,589,도비,MATERIAL,Dobby,MATERIAL_DOBBY,1
스트레치데님,naver,monthly_absolute,5,20,25,높음,0.0,0.0,591,스트레치 데님,MATERIAL,Stretch Denim,MATERIAL_STRETCH_DENIM,1
시어서커소재,naver,monthly_absolute,10,60,70,중간,0.0,0.0,590,시어서커,MATERIAL,Seersucker,MATERIAL_SEERSUCKER,2
리플스탑,naver,monthly_absolute,5,5,10,낮음,0.0,0.0,592,리플스탑,MATERIAL,Ripstop,MATERIAL_RIPSTOP,1
리플스탑소재,naver,monthly_absolute,5,5,10,낮음,0.0,0.0,592,리플스탑,MATERIAL,Ripstop,MATERIAL_RIPSTOP,2
스트레치데님소재,naver,monthly_absolute,5,5,10,낮음,0.0,0.0,591,스트레치 데님,MATERIAL,Stretch Denim,MATERIAL_STRETCH_DENIM,2
울소재,naver,monthly_absolute,90,350,440,높음,0.0,0.3,593,울,MATERIAL,Wool,MATERIAL_WOOL,1
모헤어소재,naver,monthly_absolute,5,30,35,높음,0.0,0.0,595,모헤어,MATERIAL,Mohair,MATERIAL_MOHAIR,1
실크소재,naver,monthly_absolute,30,130,160,중간,0.0,0.0,594,실크,MATERIAL,Silk,MATERIAL_SILK,1
알파카소재,naver,monthly_absolute,10,20,30,높음,0.0,0.0,596,알파카,MATERIAL,Alpaca,MATERIAL_ALPACA,1
메리노울,naver,monthly_absolute,630,2500,3130,중간,0.9,16.0,598,메리노울,MATERIAL,Merino Wool,MATERIAL_MERINO_WOOL,1
메리노울소재,naver,monthly_absolute,5,20,25,높음,0.0,0.0,598,메리노울,MATERIAL,Merino Wool,MATERIAL_MERINO_WOOL,2
앙고라소재,naver,monthly_absolute,5,10,15,높음,0.0,0.3,597,앙고라,MATERIAL,Angora,MATERIAL_ANGORA,1
린넨소재,naver,monthly_absolute,70,320,390,높음,0.0,0.0,600,린넨,MATERIAL,Linen,MATERIAL_LINEN,1
저마소재,naver,monthly_absolute,5,5,10,낮음,0.0,0.0,601,저마,MATERIAL,Ramie,MATERIAL_RAMIE,1
캐시미어,naver,monthly_absolute,1020,5590,6610,중간,3.9,29.0,599,캐시미어,MATERIAL,Cashmere,MATERIAL_CASHMERE,1
캐시미어소재,naver,monthly_absolute,10,60,70,높음,0.0,0.0,599,캐시미어,MATERIAL,Cashmere,MATERIAL_CASHMERE,2
저마원단,naver,monthly_absolute,5,10,15,중간,0.0,0.8,601,저마,MATERIAL,Ramie,MATERIAL_RAMIE,2
코튼소재,naver,monthly_absolute,50,290,340,높음,0.3,0.3,602,코튼,MATERIAL,Cotton,MATERIAL_COTTON,1
헴프소재,naver,monthly_absolute,5,10,15,중간,0.0,0.0,603,헴프,MATERIAL,Hemp,MATERIAL_HEMP,1
헴프원단,naver,monthly_absolute,10,60,70,높음,0.0,0.0,603,헴프,MATERIAL,Hemp,MATERIAL_HEMP,2
니하이기장,naver,monthly_absolute,5,5,10,낮음,0.0,0.0,659,니하이기장,DETAIL,Knee-high Shaft,DETAIL_KNEE_HIGH_SHAFT,1
미들기장,naver,monthly_absolute,5,20,25,높음,0.0,0.0,657,미들기장,DETAIL,Mid-calf Shaft,DETAIL_MID_CALF_SHAFT,1
앵클기장,naver,monthly_absolute,5,5,10,낮음,0.0,0.0,708,앵클기장,DETAIL,Ankle Length,DETAIL_ANKLE_LENGTH,1
오버니기장,naver,monthly_absolute,5,5,10,낮음,0.0,0.0,709,오버니기장,DETAIL,Over-the-knee Length,DETAIL_OVER_KNEE_SHAFT,1
멜란지,naver,monthly_absolute,560,2180,2740,높음,0.0,0.3,782,멜란지,COLOR,,,1
멜란지코디,naver,monthly_absolute,5,30,35,높음,0.0,0.0,782,멜란지,COLOR,,,2
소매디테일,naver,monthly_absolute,5,5,10,높음,0.0,0.0,785,소매,DETAIL,,,2
하이넥,naver,monthly_absolute,140,740,880,높음,0.0,0.0,786,하이넥,DETAIL,,,1
소매디자인,naver,monthly_absolute,5,5,10,높음,0.0,0.0,785,소매,DETAIL,,,1
포켓디테일,naver,monthly_absolute,5,5,10,낮음,0.0,0.0,789,포켓,DETAIL,,,1
시스루룩,naver,monthly_absolute,20,120,140,중간,0.0,0.3,791,시스루,DETAIL,,,2
포켓디자인,naver,monthly_absolute,5,5,10,중간,0.0,0.0,789,포켓,DETAIL,,,2
핀턱디테일,naver,monthly_absolute,5,10,15,높음,0.0,0.0,790,핀턱,DETAIL,,,1
부츠컷,naver,monthly_absolute,530,3730,4260,높음,0.9,11.8,613,부츠컷,DETAIL,Bootcut,DETAIL_BOOTCUT,1
시스루블라우스,naver,monthly_absolute,470,3500,3970,높음,4.4,101.8,791,시스루,DETAIL,,,3
절개디테일,naver,monthly_absolute,5,5,10,높음,0.0,0.0,792,절개,DETAIL,,,1
절개라인,naver,monthly_absolute,5,10,15,높음,0.0,0.0,792,절개,DETAIL,,,2
투웨이지퍼,naver,monthly_absolute,110,490,600,높음,0.3,0.3,793,투웨이,DETAIL,,,1
투웨이집업,naver,monthly_absolute,20,160,180,높음,0.0,0.3,793,투웨이,DETAIL,,,2
워셔블니트,naver,monthly_absolute,80,380,460,높음,0.2,0.3,794,워셔블,DETAIL,,,2
골지소재,naver,monthly_absolute,5,10,15,중간,0.0,0.0,795,골지,MATERIAL,,,1
워셔블,naver,monthly_absolute,110,420,530,낮음,0.0,0.0,794,워셔블,DETAIL,,,1
피그먼트소재,naver,monthly_absolute,20,50,70,중간,0.0,0.0,796,피그먼트,MATERIAL,,,1
맥시기장,naver,monthly_absolute,5,10,15,중간,0.0,0.0,648,맥시기장,DETAIL,Maxi Length,DETAIL_MAXI_LENGTH,1
머슬핏,naver,monthly_absolute,970,4660,5630,중간,12.8,68.5,787,머슬핏,DETAIL,,,1
쉬폰소재,naver,monthly_absolute,10,110,120,높음,0.0,0.0,797,쉬폰,MATERIAL,,,1
스팽글,naver,monthly_absolute,600,2710,3310,중간,2.0,22.7,759,스팽글,DETAIL,Sequin,DETAIL_SEQUIN,1
10부기장,naver,monthly_absolute,5,10,15,높음,0.0,0.0,651,10부기장,DETAIL,Full Length,DETAIL_10_BU_LENGTH,1
3부기장,naver,monthly_absolute,5,10,15,중간,0.0,0.0,652,3부기장,DETAIL,Short Length,DETAIL_3_BU_LENGTH,1
4부기장,naver,monthly_absolute,5,5,10,중간,0.0,0.0,798,4부기장,DETAIL,Short Length,DETAIL_4_BU_LENGTH,1
5부기장,naver,monthly_absolute,5,10,15,중간,0.0,0.0,653,5부기장,DETAIL,Knee Length,DETAIL_5_BU_LENGTH,1
미니기장,naver,monthly_absolute,5,5,10,낮음,0.0,0.0,649,미니기장,DETAIL,Mini Length,DETAIL_MINI_LENGTH,1
6-7부기장,naver,monthly_absolute,5,5,10,낮음,0.0,0.0,654,6-7부기장,DETAIL,Cropped Calf Length,DETAIL_6_7BU_LENGTH,1
8부기장,naver,monthly_absolute,5,5,10,중간,0.0,0.0,655,8부기장,DETAIL,Ankle-cropped Length,DETAIL_8_BU_LENGTH,1
9부기장,naver,monthly_absolute,5,5,10,중간,0.0,0.0,656,9부기장,DETAIL,Ankle Length,DETAIL_9_BU_LENGTH,1
컴포트핏,naver,monthly_absolute,80,220,300,높음,0.0,0.3,698,컴포트핏,DETAIL,Comfort Fit,DETAIL_COMFORT_FIT,1
오버사이즈,naver,monthly_absolute,70,350,420,높음,0.5,3.0,619,오버사이즈,DETAIL,Oversized,DETAIL_OVERSIZED,1
레귤러핏,naver,monthly_absolute,280,1720,2000,높음,0.0,0.0,612,레귤러핏,DETAIL,Regular Fit,DETAIL_REGULAR_FIT,1
세미오버핏,naver,monthly_absolute,70,360,430,높음,0.0,0.7,618,세미오버핏,DETAIL,Semi-oversized Fit,DETAIL_SEMI_OVERSIZED_FIT,1
슬림핏,naver,monthly_absolute,360,2100,2460,중간,1.5,15.3,610,슬림핏,DETAIL,Slim Fit,DETAIL_SLIM_FIT,1
플랫힐,naver,monthly_absolute,80,570,650,높음,0.0,3.7,604,플랫힐,DETAIL,Flat Heel,DETAIL_FLAT_HEEL,1
블록힐,naver,monthly_absolute,10,70,80,높음,0.0,0.0,605,블록힐,DETAIL,Block Heel,DETAIL_BLOCK_HEEL,1
아몬드토,naver,monthly_absolute,10,70,80,중간,0.0,0.0,710,아몬드토,DETAIL,Almond Toe,DETAIL_ALMOND_TOE,1
크롭기장,naver,monthly_absolute,10,50,60,높음,0.0,0.0,611,크롭기장,DETAIL,Cropped Length,DETAIL_CROPPED_LENGTH,1
슬림스트레이트핏,naver,monthly_absolute,5,30,35,높음,0.0,0.0,624,슬림스트레이트,DETAIL,Slim Straight,DETAIL_SLIM_STRAIGHT,1
배럴레그팬츠,naver,monthly_absolute,50,320,370,중간,0.8,10.0,617,배럴레그,DETAIL,Barrel Leg,DETAIL_BARREL_LEG,1
배럴핏,naver,monthly_absolute,160,490,650,높음,0.0,4.3,617,배럴레그,DETAIL,Barrel Leg,DETAIL_BARREL_LEG,2
세미와이드핏,naver,monthly_absolute,40,140,180,높음,0.0,0.3,621,세미와이드,DETAIL,Semi-wide,DETAIL_SEMI_WIDE,2
스트레이트핏,naver,monthly_absolute,90,450,540,높음,0.0,0.7,622,스트레이트,DETAIL,Straight,DETAIL_STRAIGHT,1
커브드레그진,naver,monthly_absolute,5,5,10,높음,0.0,0.0,623,커브드레그,DETAIL,Curved Leg,DETAIL_CURVED_LEG,1
커브드레그팬츠,naver,monthly_absolute,5,5,10,낮음,0.0,0.0,623,커브드레그,DETAIL,Curved Leg,DETAIL_CURVED_LEG,2
스플릿토,naver,monthly_absolute,10,40,50,중간,1.0,1.0,626,스플릿토,DETAIL,Split Toe,DETAIL_SPLIT_TOE,1
슬림스트레이트진,naver,monthly_absolute,10,100,110,높음,0.0,0.0,624,슬림스트레이트,DETAIL,Slim Straight,DETAIL_SLIM_STRAIGHT,2
플랫폼솔,naver,monthly_absolute,5,5,10,낮음,0.0,0.0,625,플랫폼솔,DETAIL,Platform Sole,DETAIL_PLATFORM_SOLE,2
라운드토,naver,monthly_absolute,10,40,50,높음,0.8,0.0,627,라운드토,DETAIL,Round Toe,DETAIL_ROUND_TOE,1
스퀘어토,naver,monthly_absolute,50,250,300,높음,0.0,2.3,628,스퀘어토,DETAIL,Square Toe,DETAIL_SQUARE_TOE,1
슬립온디자인,naver,monthly_absolute,5,5,10,높음,0.0,0.0,630,슬립온,DETAIL,Slip-on,DETAIL_SLIP_ON,1
슬립온여밈,naver,monthly_absolute,5,5,10,낮음,0.0,0.0,630,슬립온,DETAIL,Slip-on,DETAIL_SLIP_ON,2
포인티토,naver,monthly_absolute,5,5,10,높음,0.0,0.0,629,포인티토,DETAIL,Pointed Toe,DETAIL_POINTY_TOE,1
레이스업슈즈,naver,monthly_absolute,50,370,420,높음,0.3,0.8,632,레이스업,DETAIL,Lace-up,DETAIL_LACE_UP,1
스트랩디테일,naver,monthly_absolute,5,5,10,높음,0.0,0.0,631,스트랩,DETAIL,Strap,DETAIL_STRAP,2
유넥,naver,monthly_absolute,100,330,430,높음,0.0,0.7,633,유넥,DETAIL,U-Neck,DETAIL_U_NECK,1
보트넥,naver,monthly_absolute,430,1800,2230,높음,0.6,9.8,634,보트넥,DETAIL,Boat Neck,DETAIL_BOAT_NECK,1
스쿱넥,naver,monthly_absolute,80,240,320,높음,0.0,0.3,636,스쿱넥,DETAIL,Scoop Neck,DETAIL_SCOOP_NECK,1
자수티셔츠,naver,monthly_absolute,70,310,380,높음,1.3,2.0,761,자수,DETAIL,Embroidery,DETAIL_EMBROIDERY,2
스쿱넥티셔츠,naver,monthly_absolute,10,70,80,높음,0.0,0.0,636,스쿱넥,DETAIL,Scoop Neck,DETAIL_SCOOP_NECK,2
원숄더,naver,monthly_absolute,90,730,820,높음,0.0,0.0,637,원숄더,DETAIL,One Shoulder,DETAIL_ONE_SHOULDER,1
카울넥,naver,monthly_absolute,140,600,740,높음,0.0,0.0,638,카울넥,DETAIL,Cowl Neck,DETAIL_COWL_NECK,1
모크넥,naver,monthly_absolute,340,1020,1360,높음,0.4,2.7,719,모크넥,DETAIL,Mock Neck,DETAIL_MOCK_NECK,1
홀터넥,naver,monthly_absolute,970,6680,7650,높음,3.5,48.3,641,홀터넥,DETAIL,Halter Neck,DETAIL_HALTER_NECK,1
라운드넥,naver,monthly_absolute,70,430,500,높음,0.0,0.7,644,라운드넥,DETAIL,Crew Neck,DETAIL_CREW_NECK,1
스탠드칼라,naver,monthly_absolute,20,50,70,높음,0.0,0.0,645,스탠드칼라,DETAIL,Stand Collar,DETAIL_MANDARIN_COLLAR,1
7부소매,naver,monthly_absolute,40,70,110,높음,0.3,0.0,664,7부소매,DETAIL,Three-quarter Sleeve,DETAIL_4_SLEEVE,1
5부소매,naver,monthly_absolute,10,40,50,높음,0.0,0.0,663,5부소매,DETAIL,Elbow-length Sleeve,DETAIL_HALF_SLEEVE,1
긴소매,naver,monthly_absolute,10,90,100,높음,0.0,0.0,660,긴소매,DETAIL,Long Sleeve,DETAIL_LONG_SLEEVE,1
반소매,naver,monthly_absolute,70,260,330,높음,0.0,0.3,661,반소매,DETAIL,Short Sleeve,DETAIL_SHORT_SLEEVE,1
로우라이즈,naver,monthly_absolute,890,4720,5610,높음,1.4,8.8,667,로우라이즈,DETAIL,Low Rise,DETAIL_LOW_RISE,1
레글런소매,naver,monthly_absolute,20,40,60,높음,0.0,0.7,666,레글런소매,DETAIL,Raglan Sleeve,DETAIL_RAGLAN_SLEEVE,1
롱기장,naver,monthly_absolute,5,20,25,높음,0.0,0.0,646,롱기장,DETAIL,Long Length,DETAIL_LONG_LENGTH,1
숏기장,naver,monthly_absolute,5,30,35,높음,0.0,0.0,647,숏기장,DETAIL,Short Length,DETAIL_SHORT_LENGTH,1
미드라이즈,naver,monthly_absolute,60,310,370,높음,0.0,0.3,668,미드라이즈,DETAIL,Mid Rise,DETAIL_MID_RISE,1
미디기장,naver,monthly_absolute,10,30,40,높음,0.0,0.0,650,미디기장,DETAIL,Midi Length,DETAIL_MIDI_LENGTH,1
밴딩허리,naver,monthly_absolute,5,5,10,낮음,0.0,0.0,670,밴딩허리,DETAIL,Elastic Waist,DETAIL_ELASTIC_WAIST,1
커브드팬츠,naver,monthly_absolute,740,5030,5770,높음,5.1,75.2,671,커브드,DETAIL,Curved,DETAIL_CURVED,1
스트라이프,naver,monthly_absolute,1270,5710,6980,중간,0.5,16.0,672,스트라이프,DETAIL,Stripe,DETAIL_STRIPE,1
체크패턴,naver,monthly_absolute,60,170,230,높음,0.0,0.0,674,체크,DETAIL,Check,DETAIL_CHECK,1
커브드핏,naver,monthly_absolute,50,310,360,높음,0.3,0.5,671,커브드,DETAIL,Curved,DETAIL_CURVED,2
핀스트라이프,naver,monthly_absolute,100,340,440,높음,0.3,0.0,673,핀스트라이프,DETAIL,Pinstripe,DETAIL_PINSTRIPE,1
타탄체크,naver,monthly_absolute,210,850,1060,높음,0.0,1.0,676,타탄체크,DETAIL,Tartan Check,DETAIL_TARTAN,1
아가일패턴,naver,monthly_absolute,190,900,1090,높음,0.7,1.0,679,아가일,DETAIL,Argyle,DETAIL_ARGYLE,1
하운드투스,naver,monthly_absolute,110,480,590,높음,0.3,0.0,678,하운드투스,DETAIL,Houndstooth,DETAIL_HOUNDSTOOTH,1
깅엄체크,naver,monthly_absolute,240,1020,1260,높음,0.4,2.8,675,깅엄체크,DETAIL,Gingham Check,DETAIL_GINGHAM,1
글렌체크,naver,monthly_absolute,380,1910,2290,낮음,0.0,0.0,677,글렌체크,DETAIL,Glen Check,DETAIL_GLEN_CHECK,1
지브라프린트,naver,monthly_absolute,10,5,15,높음,0.0,0.0,681,지브라,DETAIL,Zebra Print,DETAIL_ZEBRA,2
레오파드패턴,naver,monthly_absolute,5,50,55,높음,0.0,0.0,680,레오파드,DETAIL,Leopard Print,DETAIL_LEOPARD,1
레오파드프린트,naver,monthly_absolute,5,5,10,높음,0.0,0.0,680,레오파드,DETAIL,Leopard Print,DETAIL_LEOPARD,2
지브라패턴,naver,monthly_absolute,10,50,60,높음,0.0,0.7,681,지브라,DETAIL,Zebra Print,DETAIL_ZEBRA,1
스네이크프린트,naver,monthly_absolute,5,5,10,낮음,0.0,0.0,683,스네이크프린트,DETAIL,Snake Print,DETAIL_SNAKE_PRINT,1
카모패턴,naver,monthly_absolute,40,200,240,높음,0.0,0.0,684,카무플라주,DETAIL,Camouflage,DETAIL_CAMOUFLAGE,1
카무플라주,naver,monthly_absolute,290,780,1070,높음,0.3,0.3,684,카무플라주,DETAIL,Camouflage,DETAIL_CAMOUFLAGE,2
카우프린트,naver,monthly_absolute,5,5,10,높음,0.0,0.0,682,카우프린트,DETAIL,Cow Print,DETAIL_COW_PRINT,1
플로럴패턴,naver,monthly_absolute,5,10,15,높음,0.0,0.0,685,플로럴,DETAIL,Floral,DETAIL_FLORAL,1
도트패턴,naver,monthly_absolute,40,60,100,높음,0.0,0.0,687,도트,DETAIL,Polka Dot,DETAIL_POLKA_DOT,1
페이즐리패턴,naver,monthly_absolute,40,160,200,높음,0.0,0.3,686,페이즐리,DETAIL,Paisley,DETAIL_PAISLEY,1
페이즐리프린트,naver,monthly_absolute,5,5,10,낮음,0.0,0.0,686,페이즐리,DETAIL,Paisley,DETAIL_PAISLEY,2
기하학패턴,naver,monthly_absolute,30,60,90,높음,0.0,0.0,688,기하학패턴,DETAIL,Geometric Pattern,DETAIL_GEOMETRIC,1
추상패턴,naver,monthly_absolute,5,5,10,낮음,0.0,0.0,689,추상패턴,DETAIL,Abstract Pattern,DETAIL_ABSTRACT,1
옴브레패턴,naver,monthly_absolute,5,5,10,높음,0.0,0.0,691,옴브레,DETAIL,Ombre,DETAIL_OMBRE,1
컬러블록니트,naver,monthly_absolute,5,20,25,높음,0.0,0.0,690,컬러블록,DETAIL,Color Block,DETAIL_COLOR_BLOCK,2
컬러블록,naver,monthly_absolute,40,100,140,높음,0.0,0.0,690,컬러블록,DETAIL,Color Block,DETAIL_COLOR_BLOCK,1
옴브레염색,naver,monthly_absolute,380,4270,4650,높음,0.4,20.0,691,옴브레,DETAIL,Ombre,DETAIL_OMBRE,2
타이다이,naver,monthly_absolute,160,1010,1170,높음,0.0,0.8,692,타이다이,DETAIL,Tie-dye,DETAIL_TIE_DYE,1
로고패턴,naver,monthly_absolute,5,5,10,높음,0.0,0.0,693,로고패턴,DETAIL,Logo Pattern,DETAIL_LOGO_PATTERN,1
그래픽프린트,naver,monthly_absolute,5,5,10,중간,0.4,0.0,695,그래픽,DETAIL,Graphic,DETAIL_GRAPHIC,2
레터링프린트,naver,monthly_absolute,5,30,35,높음,0.0,0.0,694,레터링,DETAIL,Lettering,DETAIL_LETTERING,2
코쿤코트,naver,monthly_absolute,5,40,45,높음,0.0,0.3,702,코쿤,DETAIL,Cocoon,DETAIL_COCOON,1
박시핏,naver,monthly_absolute,10,80,90,높음,0.0,0.0,704,박시,DETAIL,Boxy,DETAIL_BOX,1
벌룬실루엣,naver,monthly_absolute,5,5,10,높음,0.0,0.0,703,벌룬,DETAIL,Balloon,DETAIL_BALLOON,2
코쿤실루엣,naver,monthly_absolute,10,10,20,낮음,0.0,0.0,702,코쿤,DETAIL,Cocoon,DETAIL_COCOON,2
페플럼,naver,monthly_absolute,190,1130,1320,높음,0.3,4.0,705,페플럼,DETAIL,Peplum,DETAIL_PEPLUM,1
니렝스,naver,monthly_absolute,5,10,15,높음,0.0,0.0,707,니렝스,DETAIL,Knee Length,DETAIL_KNEE_LENGTH,1
마이크로미니,naver,monthly_absolute,190,2090,2280,높음,1.0,2.0,706,마이크로미니,DETAIL,Micro Mini,DETAIL_MICRO_MINI,1
목토부츠,naver,monthly_absolute,20,130,150,높음,0.4,3.3,711,목토,DETAIL,Moc Toe,DETAIL_MOC_TOE,1
캡토슈즈,naver,monthly_absolute,5,5,10,중간,0.0,0.0,712,캡토,DETAIL,Cap Toe,DETAIL_CAP_TOE,1
콘힐,naver,monthly_absolute,5,20,25,중간,0.0,0.0,714,콘힐,DETAIL,Cone Heel,DETAIL_CONE_HEEL,1
목토워커,naver,monthly_absolute,10,10,20,높음,0.7,0.0,711,목토,DETAIL,Moc Toe,DETAIL_MOC_TOE,2
캡토옥스포드,naver,monthly_absolute,5,20,25,높음,0.0,0.3,712,캡토,DETAIL,Cap Toe,DETAIL_CAP_TOE,2
러그솔,naver,monthly_absolute,5,10,15,높음,0.0,0.0,716,러그솔,DETAIL,Lug Sole,DETAIL_LUG_SOLE,1
러그솔부츠,naver,monthly_absolute,5,5,10,높음,0.0,0.0,716,러그솔,DETAIL,Lug Sole,DETAIL_LUG_SOLE,2
스풀힐,naver,monthly_absolute,5,10,15,중간,0.0,0.0,715,스풀힐,DETAIL,Spool Heel,DETAIL_SPOOL_HEEL,1
청키솔,naver,monthly_absolute,5,5,10,높음,0.0,0.0,717,청키솔,DETAIL,Chunky Sole,DETAIL_CHUNKY_SOLE,1
청키솔스니커즈,naver,monthly_absolute,5,10,15,높음,0.0,0.0,717,청키솔,DETAIL,Chunky Sole,DETAIL_CHUNKY_SOLE,2
검솔슈즈,naver,monthly_absolute,5,5,10,낮음,0.0,0.0,718,검솔,DETAIL,Gum Sole,DETAIL_GUM_SOLE,2
검솔스니커즈,naver,monthly_absolute,5,5,10,높음,0.0,0.0,718,검솔,DETAIL,Gum Sole,DETAIL_GUM_SOLE,1
릴랙스핏,naver,monthly_absolute,10,160,170,높음,0.0,0.0,696,릴랙스핏,DETAIL,Relaxed Fit,DETAIL_RELAXED_FIT,1
피티드핏,naver,monthly_absolute,5,10,15,높음,0.0,0.0,697,피티드핏,DETAIL,Fitted Fit,DETAIL_FITTED,1
셔츠칼라,naver,monthly_absolute,10,30,40,높음,0.0,0.0,723,셔츠칼라,DETAIL,Shirt Collar,DETAIL_SHIRT_COLLAR,1
스위트하트넥,naver,monthly_absolute,5,10,15,중간,0.0,0.0,720,스위트하트넥,DETAIL,Sweetheart Neck,DETAIL_SWEETHEART_NECK,1
언밸런스넥,naver,monthly_absolute,5,5,10,낮음,0.0,0.0,722,언밸런스넥,DETAIL,Asymmetric Neckline,DETAIL_ASYMMETRIC_NECK,1
키홀넥,naver,monthly_absolute,10,10,20,중간,0.0,0.0,721,키홀넥,DETAIL,Keyhole Neck,DETAIL_KEYHOLE_NECK,1
폴로칼라,naver,monthly_absolute,5,5,10,높음,0.0,0.0,724,폴로칼라,DETAIL,Polo Collar,DETAIL_POLO_COLLAR,1
노치드라펠,naver,monthly_absolute,50,160,210,높음,0.0,0.0,727,노치드라펠,DETAIL,Notched Lapel,DETAIL_NOTCHED_LAPEL,1
세일러칼라,naver,monthly_absolute,5,20,25,높음,0.0,0.0,726,세일러칼라,DETAIL,Sailor Collar,DETAIL_SAILOR_COLLAR,1
캡소매,naver,monthly_absolute,70,290,360,높음,0.0,0.0,729,캡소매,DETAIL,Cap Sleeve,DETAIL_CAP_SLEEVE,1
피크드라펠,naver,monthly_absolute,60,230,290,높음,0.3,0.3,728,피크드라펠,DETAIL,Peaked Lapel,DETAIL_PEAKED_LAPEL,1
피터팬칼라,naver,monthly_absolute,5,10,15,높음,0.0,0.0,725,피터팬칼라,DETAIL,Peter Pan Collar,DETAIL_PETER_PAN_COLLAR,1
돌먼소매,naver,monthly_absolute,10,40,50,높음,0.0,0.7,733,돌먼소매,DETAIL,Dolman Sleeve,DETAIL_DOLMAN_SLEEVE,1
배트윙소매,naver,monthly_absolute,5,5,10,중간,0.0,0.0,734,배트윙소매,DETAIL,Batwing Sleeve,DETAIL_BATWING_SLEEVE,1
벌룬소매,naver,monthly_absolute,10,70,80,높음,0.0,0.0,730,벌룬소매,DETAIL,Balloon Sleeve,DETAIL_BALLOON_SLEEVE,1
벨소매,naver,monthly_absolute,5,10,15,높음,0.0,0.0,732,벨소매,DETAIL,Bell Sleeve,DETAIL_BELL_SLEEVE,1
비숍소매,naver,monthly_absolute,5,20,25,중간,0.0,0.3,731,비숍소매,DETAIL,Bishop Sleeve,DETAIL_BISHOP_SLEEVE,1
드롭숄더,naver,monthly_absolute,100,300,400,중간,0.0,0.0,736,드롭숄더,DETAIL,Drop Shoulder,DETAIL_DROP_SHOULDER,1
카고포켓,naver,monthly_absolute,5,10,15,높음,0.0,0.0,738,카고포켓,DETAIL,Cargo Pocket,DETAIL_CARGO_POCKET,1
패치포켓,naver,monthly_absolute,10,20,30,중간,0.0,0.0,737,패치포켓,DETAIL,Patch Pocket,DETAIL_PATCH_POCKET,1
플랩포켓,naver,monthly_absolute,100,70,170,높음,0.0,0.0,739,플랩포켓,DETAIL,Flap Pocket,DETAIL_FLAP_POCKET,1
플러터소매,naver,monthly_absolute,5,5,10,높음,0.0,0.0,735,플러터소매,DETAIL,Flutter Sleeve,DETAIL_FLUTTER_SLEEVE,1
가슴포켓,naver,monthly_absolute,5,20,25,높음,0.0,0.0,743,체스트포켓,DETAIL,Chest Pocket,DETAIL_CHEST_POCKET,2
슬래시포켓,naver,monthly_absolute,5,5,10,낮음,0.0,0.0,741,슬래시포켓,DETAIL,Slash Pocket,DETAIL_SLASH_POCKET,1
웰트포켓,naver,monthly_absolute,90,60,150,중간,0.0,0.0,740,웰트포켓,DETAIL,Welt Pocket,DETAIL_WELT_POCKET,1
체스트포켓,naver,monthly_absolute,5,20,25,높음,0.0,0.6,743,체스트포켓,DETAIL,Chest Pocket,DETAIL_CHEST_POCKET,1
캥거루포켓,naver,monthly_absolute,5,50,55,높음,0.0,0.8,742,캥거루포켓,DETAIL,Kangaroo Pocket,DETAIL_KANGAROO_POCKET,1
버튼여밈,naver,monthly_absolute,5,5,10,높음,0.0,0.0,746,버튼여밈,DETAIL,Button Closure,DETAIL_BUTTON_CLOSURE,1
스냅여밈,naver,monthly_absolute,5,5,10,높음,0.0,0.0,747,스냅여밈,DETAIL,Snap Closure,DETAIL_SNAP_CLOSURE,1
지퍼여밈,naver,monthly_absolute,5,5,10,높음,0.0,0.0,745,지퍼여밈,DETAIL,Zip Closure,DETAIL_ZIP_CLOSURE,1
지퍼포켓,naver,monthly_absolute,5,10,15,높음,0.0,0.0,744,지퍼포켓,DETAIL,Zip Pocket,DETAIL_ZIP_POCKET,1
후크앤아이,naver,monthly_absolute,5,20,25,높음,0.0,0.9,748,후크앤아이,DETAIL,Hook-and-eye,DETAIL_HOOK_EYE,1
드로스트링팬츠,naver,monthly_absolute,5,30,35,높음,0.0,0.0,750,드로스트링,DETAIL,Drawstring,DETAIL_DRAWSTRING,2
벨크로,naver,monthly_absolute,2400,5000,7400,중간,15.5,50.6,752,벨크로,DETAIL,Velcro,DETAIL_VELCRO,1
드로스트링,naver,monthly_absolute,60,170,230,높음,0.0,0.3,750,드로스트링,DETAIL,Drawstring,DETAIL_DRAWSTRING,1
버클여밈,naver,monthly_absolute,5,5,10,낮음,0.0,0.0,749,버클여밈,DETAIL,Buckle Closure,DETAIL_BUCKLE_CLOSURE,1
토글여밈,naver,monthly_absolute,5,5,10,높음,0.0,0.0,751,토글여밈,DETAIL,Toggle Closure,DETAIL_TOGGLE,1
벨크로신발,naver,monthly_absolute,30,150,180,높음,0.1,2.5,752,벨크로,DETAIL,Velcro,DETAIL_VELCRO,2
리본디테일,naver,monthly_absolute,5,10,15,높음,0.0,0.0,754,리본,DETAIL,Ribbon,DETAIL_RIBBON,1
보우디테일,naver,monthly_absolute,5,5,10,낮음,0.0,0.0,755,보우,DETAIL,Bow,DETAIL_BOW,1
타이여밈,naver,monthly_absolute,5,5,10,낮음,0.0,0.0,753,타이여밈,DETAIL,Tie Closure,DETAIL_TIE_CLOSURE,1
러플디테일,naver,monthly_absolute,5,5,10,낮음,0.0,0.0,756,러플,DETAIL,Ruffle,DETAIL_RUFFLE,1
보우블라우스,naver,monthly_absolute,5,40,45,높음,0.0,0.3,755,보우,DETAIL,Bow,DETAIL_BOW,2
프릴디테일,naver,monthly_absolute,5,5,10,높음,0.0,0.0,757,프릴,DETAIL,Frill,DETAIL_FRILL,1
비즈디테일,naver,monthly_absolute,5,5,10,낮음,0.0,0.0,760,비즈,DETAIL,Beading,DETAIL_BEADING,1
스팽글드레스,naver,monthly_absolute,30,130,160,높음,0.1,2.5,759,스팽글,DETAIL,Sequin,DETAIL_SEQUIN,2
비즈장식,naver,monthly_absolute,20,110,130,높음,0.4,3.5,760,비즈,DETAIL,Beading,DETAIL_BEADING,2
아플리케패치,naver,monthly_absolute,5,10,15,높음,0.0,1.2,762,아플리케,DETAIL,Applique,DETAIL_APPLIQUE,2
아플리케디테일,naver,monthly_absolute,5,5,10,낮음,0.0,0.0,762,아플리케,DETAIL,Applique,DETAIL_APPLIQUE,1
자수디테일,naver,monthly_absolute,5,5,10,높음,0.0,0.0,761,자수,DETAIL,Embroidery,DETAIL_EMBROIDERY,1
태슬로퍼,naver,monthly_absolute,50,260,310,높음,0.0,0.5,765,태슬,DETAIL,Tassel,DETAIL_TASSEL,2
프린지백,naver,monthly_absolute,10,70,80,높음,0.0,0.0,764,프린지,DETAIL,Fringe,DETAIL_FRINGE,2
레이스트림,naver,monthly_absolute,10,10,20,높음,0.7,0.0,763,레이스트림,DETAIL,Lace Trim,DETAIL_LACE_TRIM,1
프린지디테일,naver,monthly_absolute,5,10,15,중간,0.0,0.0,764,프린지,DETAIL,Fringe,DETAIL_FRINGE,1
태슬디테일,naver,monthly_absolute,5,5,10,낮음,0.0,0.0,765,태슬,DETAIL,Tassel,DETAIL_TASSEL,1
라인스톤디테일,naver,monthly_absolute,5,5,10,낮음,0.0,0.0,767,라인스톤,DETAIL,Rhinestone,DETAIL_RHINESTONE,1
라인스톤장식,naver,monthly_absolute,5,5,10,낮음,0.0,0.0,767,라인스톤,DETAIL,Rhinestone,DETAIL_RHINESTONE,2
스터드디테일,naver,monthly_absolute,5,10,15,낮음,0.0,0.0,766,스터드,DETAIL,Stud,DETAIL_STUD,1
스터드장식,naver,monthly_absolute,20,70,90,높음,0.0,0.0,766,스터드,DETAIL,Stud,DETAIL_STUD,2
펄장식,naver,monthly_absolute,5,5,10,낮음,0.0,0.0,768,펄장식,DETAIL,Pearl Detail,DETAIL_PEARL,1
메탈하드웨어,naver,monthly_absolute,5,5,10,높음,0.0,0.0,770,메탈하드웨어,DETAIL,Metal Hardware,DETAIL_METAL_HARDWARE,1
셔링디테일,naver,monthly_absolute,5,5,10,높음,0.0,0.3,771,셔링,DETAIL,Shirring,DETAIL_SHIRRING,1
진주장식,naver,monthly_absolute,20,80,100,높음,0.1,0.5,768,펄장식,DETAIL,Pearl Detail,DETAIL_PEARL,2
체인장식,naver,monthly_absolute,5,10,15,높음,0.0,0.3,769,체인장식,DETAIL,Chain Detail,DETAIL_CHAIN,1
드레이프디테일,naver,monthly_absolute,5,5,10,높음,0.0,0.0,773,드레이프,DETAIL,Drape,DETAIL_DRAPE,1
루칭디테일,naver,monthly_absolute,5,5,10,낮음,0.0,0.0,772,루칭,DETAIL,Ruching,DETAIL_RUCHING,1
루칭탑,naver,monthly_absolute,5,5,10,낮음,0.0,0.0,772,루칭,DETAIL,Ruching,DETAIL_RUCHING,2
컷아웃디테일,naver,monthly_absolute,5,5,10,높음,0.0,0.0,774,컷아웃,DETAIL,Cut-out,DETAIL_CUTOUT,1
랩디자인,naver,monthly_absolute,210,120,330,높음,0.7,1.3,775,랩,DETAIL,Wrap,DETAIL_WRAP,3
컷아웃원피스,naver,monthly_absolute,5,40,45,중간,0.0,0.0,774,컷아웃,DETAIL,Cut-out,DETAIL_CUTOUT,2
언밸런스디자인,naver,monthly_absolute,5,5,10,낮음,0.0,0.0,777,언밸런스,DETAIL,Asymmetric,DETAIL_ASYMMETRIC,1
슬릿디테일,naver,monthly_absolute,5,5,10,높음,0.0,0.0,778,슬릿,DETAIL,Slit,DETAIL_SLIT,2
언밸런스기장,naver,monthly_absolute,5,5,10,낮음,0.0,0.0,777,언밸런스,DETAIL,Asymmetric,DETAIL_ASYMMETRIC,2
레이어드코디,naver,monthly_absolute,40,300,340,높음,0.0,0.0,776,레이어드,DETAIL,Layered,DETAIL_LAYERED,2
개더디테일,naver,monthly_absolute,5,5,10,낮음,0.0,0.0,779,개더,DETAIL,Gather,DETAIL_GATHER,1
개더스커트,naver,monthly_absolute,20,160,180,높음,0.0,0.3,779,개더,DETAIL,Gather,DETAIL_GATHER,2
스모킹디테일,naver,monthly_absolute,5,5,10,중간,0.0,0.0,780,스모킹,DETAIL,Smocking,DETAIL_SMOCKING,1
스모킹원피스,naver,monthly_absolute,10,170,180,높음,0.0,0.0,780,스모킹,DETAIL,Smocking,DETAIL_SMOCKING,2
