term_id,keyword,english_name,term_type,term_code,google_volume,naver_volume,total_volume,naver_share,keywords_requested,rank_overall,rank_in_type
190,원피스,Dress,ITEM,ITEM_DRESS,91380,125490,216870,0.579,2,1,1
254,수영복,Swimwear,ITEM,ITEM_SWIMWEAR,82700,118090,200790,0.588,2,2,2
204,러닝화,Running Shoes,ITEM,ITEM_RUNNING_SHOES,14700,107400,122100,0.88,2,3,3
181,청바지,Jeans,ITEM,ITEM_JEANS,90500,26410,116910,0.226,1,4,4
213,슬리퍼,Slippers,ITEM,ITEM_SLIPPERS,12130,87360,99490,0.878,2,5,5
533,웨딩홀,Wedding Venue,TPO,TPO_WEDDING_VENUE,7300,89230,96530,0.924,3,6,1
225,백팩,Backpack,ITEM,ITEM_BACKPACK,8100,80200,88300,0.908,1,7,6
174,팬츠,Pants,ITEM,ITEM_PANTS,62990,22550,85540,0.264,3,8,7
152,바람막이,Windbreaker,ITEM,ITEM_WINDBREAKER,14800,67200,82000,0.82,1,9,8
251,잠옷,Pajamas,ITEM,ITEM_PAJAMAS,15440,61620,77060,0.8,3,10,9
229,크로스백,Crossbody Bag,ITEM,ITEM_CROSSBODY_BAG,9900,60600,70500,0.86,1,11,10
252,팬티,Briefs,ITEM,ITEM_UNDERWEAR_BOTTOM,17400,50830,68230,0.745,3,12,11
139,블라우스,Blouse,ITEM,ITEM_BLOUSE,27100,38550,65650,0.587,1,13,12
516,데일리,Daily,TPO,TPO_DAILY,3640,61360,65000,0.944,2,14,2
137,래시가드,Rash Guard,ITEM,ITEM_RASH_GUARD,18100,45850,63950,0.717,2,15,13
156,재킷,Jacket,ITEM,ITEM_JACKET,35920,27890,63810,0.437,3,16,14
249,선글라스,Sunglasses,ITEM,ITEM_SUNGLASSES,14800,47590,62390,0.763,1,17,15
203,등산화,Hiking Shoes,ITEM,ITEM_HIKING_BOOTS,3600,56200,59800,0.94,1,18,16
160,후드집업,Zip-up Hoodie,ITEM,ITEM_HOODED_ZIP_UP,12100,46890,58990,0.795,1,19,17
188,스커트,Skirt,ITEM,ITEM_SKIRT,32500,25850,58350,0.443,2,20,18
140,셔츠,Shirt,ITEM,ITEM_SHIRT,23000,34860,57860,0.602,3,21,19
484,골프,Golf,TPO,TPO_GOLF,2540,54000,56540,0.955,4,22,3
159,패딩,Puffer Jacket,ITEM,ITEM_DOWN_JACKET,33100,22530,55630,0.405,1,23,20
758,플리츠,Pleats,DETAIL,DETAIL_PLEATS,7300,44120,51420,0.858,2,24,1
176,쇼츠,Shorts,ITEM,ITEM_SHORTS,28000,22290,50290,0.443,2,25,21
250,브라,Bra,ITEM,ITEM_BRA,15330,33725,49055,0.687,3,26,22
212,스니커즈,Sneakers,ITEM,ITEM_SNEAKERS,14800,32310,47110,0.686,1,27,23
173,레깅스,Leggings,ITEM,ITEM_LEGGINGS,33210,13420,46630,0.288,2,28,24
175,버뮤다팬츠,Bermuda Shorts,ITEM,ITEM_BERMUDA_SHORTS,14800,29850,44650,0.669,1,29,25
157,코트,Coat,ITEM,ITEM_COAT,29980,13190,43170,0.306,3,30,26
236,스카프,Scarf,ITEM,ITEM_SCARF,5810,35470,41280,0.859,3,31,27
150,가디건,Cardigan,ITEM,ITEM_CARDIGAN,12100,28820,40920,0.704,1,32,28
205,로퍼,Loafers,ITEM,ITEM_LOAFERS,12100,28130,40230,0.699,1,33,29
136,니트,Knitwear,ITEM,ITEM_KNIT,19110,19920,39030,0.51,6,34,30
147,후드,Hoodie,ITEM,ITEM_HOODIE,14870,22960,37830,0.607,2,35,31
230,토트백,Tote Bag,ITEM,ITEM_TOTE_BAG,12100,25240,37340,0.676,1,36,32
214,슬링백,Slingback Shoes,ITEM,ITEM_SLINGBACK,6810,30420,37230,0.817,2,37,33
184,카프리팬츠,Capri Pants,ITEM,ITEM_CAPRI_PANTS,5400,31670,37070,0.854,1,38,34
149,폴로셔츠,Polo Shirt,ITEM,ITEM_POLO_SHIRT,4400,32170,36570,0.88,1,39,35
238,안경,Glasses,ITEM,ITEM_GLASSES,7000,29390,36390,0.808,2,40,36
192,드레스,Gown,ITEM,ITEM_DRESS_FORMAL,19720,15540,35260,0.441,3,41,37
211,샌들,Sandals,ITEM,ITEM_SANDALS,10780,23540,34320,0.686,2,42,38
220,플랫슈즈,Flats,ITEM,ITEM_FLATS,3600,30500,34100,0.894,1,43,39
253,스포츠브라,Sports Bra,ITEM,ITEM_SPORTS_BRA,5400,27750,33150,0.837,1,44,40
487,운동,Workout,TPO,TPO_WORKOUT,9450,23695,33145,0.715,3,45,4
244,헤어밴드,Headband,ITEM,ITEM_HAIRBAND,6650,26140,32790,0.797,2,46,41
227,숄더백,Shoulder Bag,ITEM,ITEM_SHOULDER_BAG,4400,27630,32030,0.863,1,47,42
179,슬랙스,Slacks,ITEM,ITEM_SLACKS,18100,13700,31800,0.431,1,48,43
237,시계,Watch,ITEM,ITEM_WATCH,6920,24090,31010,0.777,2,49,44
138,맨투맨,Sweatshirt,ITEM,ITEM_SWEATSHIRT,9900,20750,30650,0.677,1,50,45
210,부츠,Boots,ITEM,ITEM_BOOTS,12810,15600,28410,0.549,3,51,46
508,가을,Autumn,TPO,TPO_AUTUMN,3450,24010,27460,0.874,4,52,5
231,넥타이,Necktie,ITEM,ITEM_NECKTIE,8360,18920,27280,0.694,2,53,47
206,메리제인슈즈,Mary Jane Shoes,ITEM,ITEM_MARY_JANE_SHOES,1000,26270,27270,0.963,1,54,48
218,트레킹화,Trekking Shoes,ITEM,ITEM_TREKKING_SHOES,1900,24770,26670,0.929,1,55,49
233,머플러,Winter Scarf,ITEM,ITEM_MUFFLER,15300,10450,25750,0.406,2,56,50
495,장례식,Funeral,TPO,TPO_FUNERAL,10580,14525,25105,0.579,3,57,6
791,시스루,,DETAIL,,16000,9070,25070,0.362,3,58,2
172,트렌치코트,Trench Coat,ITEM,ITEM_TRENCH_COAT,12100,12930,25030,0.517,1,59,51
615,와이드,Wide,DETAIL,DETAIL_WIDE,10900,12600,23500,0.536,2,60,3
377,아메카지,Amekaji,STYLE,STYLE_AMEKAJI,12800,10180,22980,0.443,2,61,1
241,주얼리,Jewelry,ITEM,ITEM_JEWELRY,5470,17300,22770,0.76,3,62,52
247,비니,Beanie,ITEM,ITEM_BEANIE,10780,11460,22240,0.515,2,63,53
202,더비슈즈,Derby Shoes,ITEM,ITEM_DERBY_SHOES,8100,13460,21560,0.624,1,64,54
163,블레이저,Blazer,ITEM,ITEM_BLAZER,12100,8930,21030,0.425,1,65,55
151,무스탕,Shearling Jacket,ITEM,ITEM_MOUTON_JACKET,13070,7860,20930,0.376,5,66,56
180,조거팬츠,Jogger Pants,ITEM,ITEM_JOGGER_PANTS,8100,12420,20520,0.605,1,67,57
221,힐,Heels,ITEM,ITEM_HEELS,10040,8710,18750,0.465,3,68,58
641,홀터넥,Halter Neck,DETAIL,DETAIL_HALTER_NECK,9900,7650,17550,0.436,1,69,4
183,카고팬츠,Cargo Pants,ITEM,ITEM_CARGO_PANTS,6600,10280,16880,0.609,1,70,59
146,티셔츠,T-shirt,ITEM,ITEM_T_SHIRT,30,16710,16740,0.998,1,71,60
526,등산로,Trail,TPO,TPO_MOUNTAIN,3220,13505,16725,0.807,3,72,7
246,볼캡,Baseball Cap,ITEM,ITEM_BALL_CAP,3920,12660,16580,0.764,2,73,61
158,파카,Parka,ITEM,ITEM_PARKA,12100,4350,16450,0.264,1,74,62
442,오프화이트,Off-White,COLOR,COLOR_OFF_WHITE,5420,10955,16375,0.669,2,75,1
643,오프숄더,Off Shoulder,DETAIL,DETAIL_OFF_SHOULDER,9900,6310,16210,0.389,1,76,5
506,비즈니스 미팅,Business Meeting,TPO,TPO_BUSINESS_MEETING,10080,5915,15995,0.37,3,77,8
783,크롭,,DETAIL,,9900,6080,15980,0.38,1,78,6
387,고프코어,Gorpcore,STYLE,STYLE_GORPCORE,7000,8720,15720,0.555,2,79,2
532,오피스,Office,TPO,TPO_OFFICE,6630,8170,14800,0.552,3,80,9
148,탱크탑,Tank Top,ITEM,ITEM_TANK_TOP,9900,4700,14600,0.322,1,81,63
166,야상,Field Jacket,ITEM,ITEM_FIELD_JACKET,5400,8920,14320,0.623,1,82,64
441,애쉬그레이,Ash Gray,COLOR,COLOR_ASH_GRAY,6620,7700,14320,0.538,2,83,2
461,라즈베리,Raspberry,COLOR,COLOR_RASPBERRY,5400,8820,14220,0.62,2,84,3
154,볼레로,Bolero,ITEM,ITEM_BOLERO,6600,7610,14210,0.536,1,85,65
485,면접,Job Interview,TPO,TPO_JOB_INTERVIEW,5790,8410,14200,0.592,3,86,10
155,아노락,Anorak,ITEM,ITEM_ANORAK,4400,9750,14150,0.689,1,87,66
775,랩,Wrap,DETAIL,DETAIL_WRAP,2890,10730,13620,0.788,3,88,7
197,첼시부츠,Chelsea Boots,ITEM,ITEM_CHELSEA_BOOTS,5400,8190,13590,0.603,1,89,67
599,캐시미어,Cashmere,MATERIAL,MATERIAL_CASHMERE,6860,6680,13540,0.493,2,90,1
164,블루종,Blouson,ITEM,ITEM_BLOUSON,6600,6930,13530,0.512,1,91,68
674,체크,Check,DETAIL,DETAIL_CHECK,3120,10340,13460,0.768,2,92,8
640,헨리넥,Henley Neck,DETAIL,DETAIL_HENLEY_NECK,5400,7840,13240,0.592,1,93,9
223,가방,Bag,ITEM,ITEM_BAG,1140,11965,13105,0.913,3,94,69
182,치노팬츠,Chino Pants,ITEM,ITEM_CHINO_PANTS,5400,7600,13000,0.585,1,95,70
383,프레피,Preppy,STYLE,STYLE_PREPPY,6670,5865,12535,0.468,2,96,3
672,스트라이프,Stripe,DETAIL,DETAIL_STRIPE,5400,6980,12380,0.564,1,97,10
431,코발트블루,Cobalt Blue,COLOR,COLOR_COBALT_BLUE,5490,6860,12350,0.555,2,98,4
581,트위드,Tweed,MATERIAL,MATERIAL_TWEED,3110,9100,12210,0.745,2,99,2
667,로우라이즈,Low Rise,DETAIL,DETAIL_LOW_RISE,6600,5610,12210,0.459,1,100,11
194,레인부츠,Rain Boots,ITEM,ITEM_RAIN_BOOTS,3600,8300,11900,0.697,1,101,71
529,스키장,Ski Resort,TPO,TPO_SKI_RESORT,3330,8450,11780,0.717,3,102,11
639,터틀넥,Turtleneck,DETAIL,DETAIL_TURTLENECK,8100,3420,11520,0.297,1,103,12
752,벨크로,Velcro,DETAIL,DETAIL_VELCRO,3710,7580,11290,0.671,2,104,13
662,민소매,Sleeveless,DETAIL,DETAIL_SLEEVELESS,6600,4460,11060,0.403,1,105,14
385,워크웨어,Workwear,STYLE,STYLE_WORKWEAR,3920,7030,10950,0.642,2,106,4
217,클로그,Clogs,ITEM,ITEM_CLOG,2440,8170,10610,0.77,2,107,72
191,점프수트,Jumpsuit,ITEM,ITEM_JUMPSUIT,4400,6110,10510,0.581,1,108,73
189,오버올,Overall,ITEM,ITEM_OVERALL,3860,6140,10000,0.614,3,109,74
616,플레어,Flare,DETAIL,DETAIL_FLARE,3380,6540,9920,0.659,2,110,15
566,고어텍스,GORE-TEX,MATERIAL,MATERIAL_GORE_TEX,4490,5380,9870,0.545,2,111,3
511,여름,Summer,TPO,TPO_SUMMER,6500,3190,9690,0.329,3,112,12
406,에메랄드그린,Emerald Green,COLOR,COLOR_EMERALD_GREEN,2400,7020,9420,0.745,2,113,5
787,머슬핏,,DETAIL,,3600,5630,9230,0.61,1,114,16
398,긱시크,Geek Chic,STYLE,STYLE_GEEK_SHEEK,4880,4290,9170,0.468,2,115,5
500,홈웨어,Loungewear,TPO,TPO_LOUNGEWEAR,1940,7130,9070,0.786,3,116,13
701,머메이드,Mermaid,DETAIL,DETAIL_MERMAID,2990,5750,8740,0.658,2,117,17
613,부츠컷,Bootcut,DETAIL,DETAIL_BOOTCUT,4400,4260,8660,0.492,1,118,18
378,스트릿웨어,Streetwear,STYLE,STYLE_STREETWEAR,6130,2520,8650,0.291,3,119,6
614,스키니,Skinny,DETAIL,DETAIL_SKINNY,5510,3100,8610,0.36,2,120,19
550,코듀로이,Corduroy,MATERIAL,MATERIAL_CORDUROY,4610,3990,8600,0.464,2,121,4
552,모달,Modal,MATERIAL,MATERIAL_MODAL,1560,6670,8230,0.81,2,122,5
492,돌잔치,First Birthday Party,TPO,TPO_FIRST_BIRTHDAY_PARTY,1020,7170,8190,0.875,3,123,14
700,H라인,H-line,DETAIL,DETAIL_H_LINE,0,8060,8060,1.0,2,124,20
232,레그워머,Leg Warmers,ITEM,ITEM_LEG_WARMER,4400,3430,7830,0.438,1,125,75
504,결혼식 하객,Wedding Guest,TPO,TPO_WEDDING_GUEST,430,7360,7790,0.945,2,126,15
219,펌프스,Pumps,ITEM,ITEM_PUMPS,2080,5650,7730,0.731,2,127,76
388,발레코어,Balletcore,STYLE,STYLE_BALLETCORE,3900,3800,7700,0.494,2,128,7
430,스카이블루,Sky Blue,COLOR,COLOR_SKY_BLUE,3690,4005,7695,0.52,2,129,6
509,겨울,Winter,TPO,TPO_WINTER,5160,2530,7690,0.329,4,130,16
671,커브드,Curved,DETAIL,DETAIL_CURVED,1470,6130,7600,0.807,2,131,21
144,크롭탑,Crop Top,ITEM,ITEM_CROP_TOP,5400,2180,7580,0.288,1,132,77
608,스틸레토힐,Stiletto Heel,DETAIL,DETAIL_STILETTO_HEEL,2400,5140,7540,0.682,1,133,22
141,슬리브리스,Sleeveless Top,ITEM,ITEM_SLEEVELESS,2400,4720,7120,0.663,1,134,78
535,헬스장,Gym,TPO,TPO_GYM,680,6325,7005,0.903,2,135,17
669,하이웨스트,High Rise,DETAIL,DETAIL_HIGH_RISE,4400,2360,6760,0.349,1,136,23
606,웨지힐,Wedge Heel,DETAIL,DETAIL_WEDGE_HEEL,2900,3750,6650,0.564,1,137,24
590,시어서커,Seersucker,MATERIAL,MATERIAL_SEERSUCKER,2220,4170,6390,0.653,2,138,6
620,테이퍼드,Tapered,DETAIL,DETAIL_TAPERED,1860,4430,6290,0.704,2,139,25
419,세이지그린,Sage Green,COLOR,COLOR_SAGE_GREEN,2430,3805,6235,0.61,2,140,7
488,출근,Commute,TPO,TPO_COMMUTE,1110,5025,6135,0.819,3,141,18
757,프릴,Frill,DETAIL,DETAIL_FRILL,720,5330,6050,0.881,2,142,26
389,블록코어,Blokecore,STYLE,STYLE_BLOKECORE,2620,3420,6040,0.566,2,143,8
450,로즈골드,Rose Gold,COLOR,COLOR_ROSE_GOLD,2900,3080,5980,0.515,2,144,8
415,머스타드,Mustard,COLOR,COLOR_MUSTARD,1920,3885,5805,0.669,2,145,9
634,보트넥,Boat Neck,DETAIL,DETAIL_BOAT_NECK,1600,4170,5770,0.723,2,146,27
554,레이온,Rayon,MATERIAL,MATERIAL_VISCOSE,1320,4430,5750,0.77,2,147,7
580,헤링본,Herringbone,MATERIAL,MATERIAL_HERRINGBONE,1990,3755,5745,0.654,2,148,8
782,멜란지,,COLOR,,2920,2775,5695,0.487,2,149,10
691,옴브레,Ombre,DETAIL,DETAIL_OMBRE,880,4660,5540,0.841,2,150,28
699,A라인,A-line,DETAIL,DETAIL_A_LINE,0,5370,5370,1.0,2,151,29
226,브리프케이스,Briefcase,ITEM,ITEM_BRIEFCASE,1600,3720,5320,0.699,1,152,79
242,지갑,Wallet,ITEM,ITEM_WALLET,1590,3720,5310,0.701,2,153,80
524,해변,Beach,TPO,TPO_BEACH,1120,4130,5250,0.787,3,154,19
677,글렌체크,Glen Check,DETAIL,DETAIL_GLEN_CHECK,2900,2290,5190,0.441,1,155,30
382,캐주얼,Casual,STYLE,STYLE_CASUAL,3190,1900,5090,0.373,3,156,9
519,공항,Airport,TPO,TPO_AIRPORT,1090,3980,5070,0.785,2,157,20
145,트랙탑,Track Top,ITEM,ITEM_TRACK_TOP,2400,2660,5060,0.526,1,158,81
153,베스트,Vest,ITEM,ITEM_VEST,1130,3920,5050,0.776,3,159,82
759,스팽글,Sequin,DETAIL,DETAIL_SEQUIN,1510,3470,4980,0.697,2,160,31
201,플립플랍,Flip-flops,ITEM,ITEM_FLIP_FLOPS,1300,3360,4660,0.721,1,161,83
609,루즈핏,Loose Fit,DETAIL,DETAIL_LOOSE_FIT,2400,2190,4590,0.477,1,162,32
705,페플럼,Peplum,DETAIL,DETAIL_PEPLUM,1200,3380,4580,0.738,2,163,33
679,아가일,Argyle,DETAIL,DETAIL_ARGYLE,1360,3150,4510,0.698,2,164,34
598,메리노울,Merino Wool,MATERIAL,MATERIAL_MERINO_WOOL,1310,3155,4465,0.707,2,165,9
207,모카신,Moccasins,ITEM,ITEM_MOCCASINS,1300,3150,4450,0.708,2,166,84
548,레이스,Lace,MATERIAL,MATERIAL_LACE,480,3835,4315,0.889,2,167,10
186,트레이닝팬츠,Track Pants,ITEM,ITEM_TRACK_PANTS,1300,2920,4220,0.692,1,168,85
177,스웨트팬츠,Sweatpants,ITEM,ITEM_SWEATPANTS,2400,1720,4120,0.417,1,169,86
494,상견례,Pre-wedding Family Meeting,TPO,TPO_FAMILY_MEETING,1860,2240,4100,0.546,2,170,21
610,슬림핏,Slim Fit,DETAIL,DETAIL_SLIM_FIT,1600,2460,4060,0.606,1,171,35
187,세트업,Matching Set,ITEM,ITEM_SETUP,3220,820,4040,0.203,3,172,87
684,카무플라주,Camouflage,DETAIL,DETAIL_CAMOUFLAGE,2720,1310,4030,0.325,2,173,36
440,샌드베이지,Sand Beige,COLOR,COLOR_SAND_BEIGE,1000,3000,4000,0.75,2,174,11
479,베이비블루,Baby Blue,COLOR,COLOR_BABY_BLUE,2400,1540,3940,0.391,2,175,12
400,애슬레저,Athleisure,STYLE,STYLE_ATHLEISURE,1720,2200,3920,0.561,2,176,10
600,린넨,Linen,MATERIAL,MATERIAL_LINEN,740,3130,3870,0.809,2,177,11
216,인도어화,Indoor Court Shoes,ITEM,ITEM_INDOOR_SHOES,740,3120,3860,0.808,2,178,88
394,레트로,Retro,STYLE,STYLE_RETRO,1180,2650,3830,0.692,3,179,11
553,텐셀,Tencel,MATERIAL,MATERIAL_TENCEL,850,2930,3780,0.775,2,180,12
209,보트슈즈,Boat Shoes,ITEM,ITEM_BOAT_SHOES,1000,2740,3740,0.733,1,181,89
195,워커,Combat Boots,ITEM,ITEM_COMBAT_BOOTS,1760,1900,3660,0.519,2,182,90
418,모카브라운,Mocha Brown,COLOR,COLOR_MOCHA_BROWN,1300,2345,3645,0.643,2,183,13
507,봄,Spring,TPO,TPO_SPRING,3260,375,3635,0.103,4,184,22
376,페미닌,Feminine,STYLE,STYLE_FEMININE,2010,1565,3575,0.438,2,185,12
193,신발,Shoes,ITEM,ITEM_SHOES,2080,1465,3545,0.413,3,186,91
397,미니멀,Minimal,STYLE,STYLE_MINIMAL,2300,1200,3500,0.343,3,187,13
695,그래픽,Graphic,DETAIL,DETAIL_GRAPHIC,0,3470,3470,1.0,2,188,37
754,리본,Ribbon,DETAIL,DETAIL_RIBBON,320,3135,3455,0.907,2,189,38
491,데이트,Date,TPO,TPO_DATE,1510,1885,3395,0.555,3,190,23
240,장갑,Gloves,ITEM,ITEM_GLOVES,1850,1515,3365,0.45,3,191,92
239,양말,Socks,ITEM,ITEM_SOCKS,530,2830,3360,0.842,2,192,93
621,세미와이드,Semi-wide,DETAIL,DETAIL_SEMI_WIDE,650,2630,3280,0.802,2,193,39
395,놈코어,Normcore,STYLE,STYLE_NORMCORE,1470,1770,3240,0.546,2,194,14
234,모자,Hat,ITEM,ITEM_HAT,1150,2080,3230,0.644,3,195,94
530,여행지,Travel Destination,TPO,TPO_TRAVEL_DESTINATION,600,2600,3200,0.812,3,196,24
562,나일론,Nylon,MATERIAL,MATERIAL_NYLON,980,2200,3180,0.692,2,197,13
560,네오프렌,Neoprene,MATERIAL,MATERIAL_NEOPRENE,1620,1530,3150,0.486,2,198,14
521,실내,Indoor,TPO,TPO_INDOOR,390,2680,3070,0.873,2,199,25
595,모헤어,Mohair,MATERIAL,MATERIAL_MOHAIR,2920,145,3065,0.047,2,200,15
583,테리,Terry Cloth,MATERIAL,MATERIAL_TERRY_CLOTH,1040,1960,3000,0.653,2,201,16
480,베이비핑크,Baby Pink,COLOR,COLOR_BABY_PINK,2900,25,2925,0.009,2,202,14
402,버건디,Burgundy,COLOR,COLOR_BURGUNDY,630,2290,2920,0.784,3,203,15
703,벌룬,Balloon,DETAIL,DETAIL_BALLOON,930,1980,2910,0.68,2,204,40
374,그런지,Grunge,STYLE,STYLE_GRUNGE,1990,915,2905,0.315,2,205,15
631,스트랩,Strap,DETAIL,DETAIL_STRAP,1000,1880,2880,0.653,2,206,41
171,더플코트,Duffle Coat,ITEM,ITEM_DUFFLE_COAT,1600,1280,2880,0.444,1,207,95
781,빈티지,,STYLE,,1810,1050,2860,0.367,3,208,16
185,큐롯팬츠,Culottes,ITEM,ITEM_CULOTTES,480,2360,2840,0.831,1,209,96
243,카라비너,Carabiner,ITEM,ITEM_CARABINER,900,1875,2775,0.676,2,210,97
797,쉬폰,,MATERIAL,,1270,1450,2720,0.533,2,211,17
612,레귤러핏,Regular Fit,DETAIL,DETAIL_REGULAR_FIT,720,2000,2720,0.735,1,212,42
642,스퀘어넥,Square Neck,DETAIL,DETAIL_SQUARE_NECK,1300,1380,2680,0.515,1,213,43
417,다크브라운,Dark Brown,COLOR,COLOR_DARK_BROWN,2510,130,2640,0.049,2,214,16
692,타이다이,Tie-dye,DETAIL,DETAIL_TIE_DYE,1000,1620,2620,0.618,2,215,44
557,인조가죽,Faux Leather,MATERIAL,MATERIAL_PU,730,1860,2590,0.718,2,216,18
706,마이크로미니,Micro Mini,DETAIL,DETAIL_MICRO_MINI,210,2280,2490,0.916,1,217,45
635,브이넥,V-Neck,DETAIL,DETAIL_V_NECK,1300,1120,2420,0.463,1,218,46
429,오션블루,Ocean Blue,COLOR,COLOR_OCEAN_BLUE,1600,810,2410,0.336,2,219,17
719,모크넥,Mock Neck,DETAIL,DETAIL_MOCK_NECK,1000,1360,2360,0.576,1,220,47
384,시티보이,Cityboy,STYLE,STYLE_CITYBOY,1670,680,2350,0.289,2,221,17
475,애프리콧,Apricot,COLOR,COLOR_APRICOT,880,1470,2350,0.626,2,222,18
756,러플,Ruffle,DETAIL,DETAIL_RUFFLE,490,1830,2320,0.789,2,223,48
622,스트레이트,Straight,DETAIL,DETAIL_STRAIGHT,980,1280,2260,0.566,2,224,49
577,스웨이드,Suede,MATERIAL,MATERIAL_SUEDE,710,1510,2220,0.68,2,225,19
786,하이넥,,DETAIL,,1300,880,2180,0.404,1,226,50
687,도트,Polka Dot,DETAIL,DETAIL_POLKA_DOT,800,1340,2140,0.626,2,227,51
638,카울넥,Cowl Neck,DETAIL,DETAIL_COWL_NECK,1300,740,2040,0.363,1,228,52
675,깅엄체크,Gingham Check,DETAIL,DETAIL_GINGHAM,720,1260,1980,0.636,1,229,53
391,코티지코어,Cottagecore,STYLE,STYLE_COTTAGECORE,1370,605,1975,0.306,2,230,18
676,타탄체크,Tartan Check,DETAIL,DETAIL_TARTAN,880,1060,1940,0.546,1,231,54
594,실크,Silk,MATERIAL,MATERIAL_SILK,580,1340,1920,0.698,2,232,20
713,키튼힐,Kitten Heel,DETAIL,DETAIL_KITTEN_HEEL,480,1440,1920,0.75,1,233,55
582,옥스포드,Oxford,MATERIAL,MATERIAL_OXFORD,570,1340,1910,0.702,2,234,21
551,자카드,Jacquard,MATERIAL,MATERIAL_JACQUARD,660,1235,1895,0.652,2,235,22
565,폴리에스터,Polyester,MATERIAL,MATERIAL_POLYESTER,1050,760,1810,0.42,2,236,23
585,캔버스,Canvas,MATERIAL,MATERIAL_CANVAS,430,1360,1790,0.76,2,237,24
593,울,Wool,MATERIAL,MATERIAL_WOOL,1050,730,1780,0.41,2,238,25
549,벨벳,Velvet,MATERIAL,MATERIAL_VELVET,580,1180,1760,0.67,2,239,26
481,아이스블루,Ice Blue,COLOR,COLOR_ICE_BLUE,1000,750,1750,0.429,2,240,19
637,원숄더,One Shoulder,DETAIL,DETAIL_ONE_SHOULDER,880,820,1700,0.482,1,241,56
563,아크릴,Acrylic,MATERIAL,MATERIAL_ACRYLIC,320,1380,1700,0.812,2,242,27
536,워터파크,Water Park,TPO,TPO_WATER_PARK,510,1150,1660,0.693,2,243,26
438,그레이지,Greige,COLOR,COLOR_GREIGE,590,1060,1650,0.642,2,244,20
788,래글런,,DETAIL,,590,1030,1620,0.636,1,245,57
776,레이어드,Layered,DETAIL,DETAIL_LAYERED,800,740,1540,0.481,2,246,58
476,페리윙클,Periwinkle,COLOR,COLOR_PERIWINKLE,880,660,1540,0.429,2,247,21
446,슬레이트그레이,Slate Gray,COLOR,COLOR_SLATE_GRAY,1300,210,1510,0.139,2,248,22
665,퍼프소매,Puff Sleeve,DETAIL,DETAIL_PUFF_SLEEVE,1000,510,1510,0.338,1,249,59
462,로즈핑크,Rose Pink,COLOR,COLOR_ROSE_PINK,720,740,1460,0.507,2,250,23
178,스커트팬츠,Skort,ITEM,ITEM_SKORT,720,740,1460,0.507,1,251,98
632,레이스업,Lace-up,DETAIL,DETAIL_LACE_UP,480,970,1450,0.669,2,252,60
587,셀비지,Selvedge Denim,MATERIAL,MATERIAL_SELVAGE,720,710,1430,0.497,2,253,28
778,슬릿,Slit,DETAIL,DETAIL_SLIT,500,930,1430,0.65,2,254,61
694,레터링,Lettering,DETAIL,DETAIL_LETTERING,10,1415,1425,0.993,2,255,62
794,워셔블,,DETAIL,,430,990,1420,0.697,2,256,63
556,아세테이트,Acetate,MATERIAL,MATERIAL_ACETATE,350,1050,1400,0.75,2,257,29
534,캠퍼스,Campus,TPO,TPO_CAMPUS,870,520,1390,0.374,2,258,27
644,라운드넥,Crew Neck,DETAIL,DETAIL_CREW_NECK,880,500,1380,0.362,1,259,64
617,배럴레그,Barrel Leg,DETAIL,DETAIL_BARREL_LEG,350,1020,1370,0.745,2,260,65
515,나이트,Night,TPO,TPO_NIGHT,920,445,1365,0.326,3,261,28
633,유넥,U-Neck,DETAIL,DETAIL_U_NECK,260,1100,1360,0.809,2,262,66
407,포레스트그린,Forest Green,COLOR,COLOR_FOREST_GREEN,720,580,1300,0.446,2,263,24
198,스케이트화,Skate Shoes,ITEM,ITEM_SKATE_SHOES,480,810,1290,0.628,1,264,99
412,브라운,Brown,COLOR,COLOR_BROWN,430,835,1265,0.66,3,265,25
793,투웨이,,DETAIL,,480,780,1260,0.619,2,266,67
199,슬립온,Slip-ons,ITEM,ITEM_SLIP_ON,1070,185,1255,0.147,4,267,100
729,캡소매,Cap Sleeve,DETAIL,DETAIL_CAP_SLEEVE,880,360,1240,0.29,1,268,68
200,슬라이드,Slides,ITEM,ITEM_SLIDES,120,1120,1240,0.903,2,269,101
546,와플,Waffle,MATERIAL,MATERIAL_WAFFLE_WEAVE,770,470,1240,0.379,2,270,30
547,새틴,Satin,MATERIAL,MATERIAL_SATIN,430,800,1230,0.65,2,271,31
584,데님,Denim,MATERIAL,MATERIAL_DENIM,430,780,1210,0.645,2,272,32
489,캠핑,Camping,TPO,TPO_CAMPING,270,910,1180,0.771,3,273,29
678,하운드투스,Houndstooth,DETAIL,DETAIL_HOUNDSTOOTH,590,590,1180,0.5,1,274,69
771,셔링,Shirring,DETAIL,DETAIL_SHIRRING,350,820,1170,0.701,2,275,70
602,코튼,Cotton,MATERIAL,MATERIAL_COTTON,530,600,1130,0.531,2,276,33
386,젠더리스,Genderless,STYLE,STYLE_GENDERLESS,870,260,1130,0.23,2,277,19
426,네이비,Navy,COLOR,COLOR_NAVY,330,790,1120,0.705,3,278,26
443,라이트그레이,Light Gray,COLOR,COLOR_LIGHT_GRAY,1050,55,1105,0.05,2,279,27
464,체리레드,Cherry Red,COLOR,COLOR_CHERRY_RED,590,510,1100,0.464,2,280,28
539,트윌,Twill,MATERIAL,MATERIAL_TWILL,460,640,1100,0.582,2,281,34
235,벨트,Belt,ITEM,ITEM_BELT,480,570,1050,0.543,2,282,102
482,파우더블루,Powder Blue,COLOR,COLOR_POWDER_BLUE,590,450,1040,0.433,2,283,29
559,PVC,Polyvinyl Chloride,MATERIAL,MATERIAL_VINYL,0,1040,1040,1.0,2,284,35
673,핀스트라이프,Pinstripe,DETAIL,DETAIL_PINSTRIPE,590,440,1030,0.427,1,285,71
618,세미오버핏,Semi-oversized Fit,DETAIL,DETAIL_SEMI_OVERSIZED_FIT,590,430,1020,0.422,1,286,72
208,뮬,Mules,ITEM,ITEM_MULES,310,700,1010,0.693,2,287,103
477,더스티핑크,Dusty Pink,COLOR,COLOR_DUSTY_PINK,480,510,990,0.515,2,288,30
478,버터옐로우,Butter Yellow,COLOR,COLOR_BUTTER_YELLOW,340,650,990,0.657,2,289,30
496,졸업식,Graduation,TPO,TPO_GRADUATION,530,460,990,0.465,2,290,30
636,스쿱넥,Scoop Neck,DETAIL,DETAIL_SCOOP_NECK,590,400,990,0.404,2,291,73
736,드롭숄더,Drop Shoulder,DETAIL,DETAIL_DROP_SHOULDER,590,400,990,0.404,1,292,73
540,니트,Knit,MATERIAL,MATERIAL_KNIT,380,590,970,0.608,6,293,36
403,딥네이비,Deep Navy,COLOR,COLOR_DEEP_NAVY,590,370,960,0.385,2,294,32
588,포플린,Poplin,MATERIAL,MATERIAL_POPLIN,370,585,955,0.613,2,295,37
541,플란넬,Flannel,MATERIAL,MATERIAL_FLANNEL,350,590,940,0.628,2,296,38
661,반소매,Short Sleeve,DETAIL,DETAIL_SHORT_SLEEVE,590,330,920,0.359,1,297,75
375,클래식,Classic,STYLE,STYLE_CLASSIC,670,235,905,0.26,3,298,20
619,오버사이즈,Oversized,DETAIL,DETAIL_OVERSIZED,480,420,900,0.467,1,299,76
790,핀턱,,DETAIL,,390,505,895,0.564,2,300,77
558,폴리우레탄,Polyurethane,MATERIAL,MATERIAL_POLYURETHANE,350,530,880,0.602,2,301,39
568,플리스,Fleece,MATERIAL,MATERIAL_FLEECE,580,250,830,0.301,2,302,40
795,골지,,MATERIAL,,530,295,825,0.358,2,303,41
505,크리스마스,Christmas,TPO,TPO_CHRISTMAS,690,120,810,0.148,3,304,31
483,개강,New Semester,TPO,TPO_NEW_SEMESTER,420,375,795,0.472,2,305,32
498,콘서트,Concert,TPO,TPO_CONCERT,280,510,790,0.646,2,306,33
215,옥스포드화,Oxford Shoes,ITEM,ITEM_OXFORD_SHOES,320,460,780,0.59,1,307,104
245,니트타이,Knit Tie,ITEM,ITEM_KNIT_TIE,210,560,770,0.727,1,308,105
432,블랙,Black,COLOR,COLOR_BLACK,360,405,765,0.529,3,309,33
465,체리핑크,Cherry Pink,COLOR,COLOR_CHERRY_PINK,480,280,760,0.368,2,310,34
625,플랫폼솔,Platform Sole,DETAIL,DETAIL_PLATFORM_SOLE,320,440,760,0.579,2,311,78
436,베이지,Beige,COLOR,COLOR_BEIGE,360,395,755,0.523,3,312,35
428,스틸블루,Steel Blue,COLOR,COLOR_STEEL_BLUE,390,320,710,0.451,2,313,36
773,드레이프,Drape,DETAIL,DETAIL_DRAPE,140,570,710,0.803,2,314,79
567,튤,Tulle,MATERIAL,MATERIAL_TULLE,530,160,690,0.232,2,315,42
686,페이즐리,Paisley,DETAIL,DETAIL_PAISLEY,480,210,690,0.304,2,316,80
392,Y2K,Y2K,STYLE,STYLE_Y2K,90,595,685,0.869,3,317,21
569,극세사,Microfiber,MATERIAL,MATERIAL_MICROFIBER,230,455,685,0.664,2,318,43
545,개버딘,Gabardine,MATERIAL,MATERIAL_GABARDINE,210,470,680,0.691,2,319,44
688,기하학패턴,Geometric Pattern,DETAIL,DETAIL_GEOMETRIC,590,90,680,0.132,1,320,81
604,플랫힐,Flat Heel,DETAIL,DETAIL_FLAT_HEEL,30,650,680,0.956,1,321,81
570,피그먼트 워싱,Pigment Wash,MATERIAL,MATERIAL_WASHING,390,290,680,0.426,2,322,44
740,웰트포켓,Welt Pocket,DETAIL,DETAIL_WELT_POCKET,480,150,630,0.238,1,323,83
597,앙고라,Angora,MATERIAL,MATERIAL_ANGORA,590,40,630,0.063,2,324,46
728,피크드라펠,Peaked Lapel,DETAIL,DETAIL_PEAKED_LAPEL,320,290,610,0.475,1,325,84
796,피그먼트,,MATERIAL,,170,430,600,0.717,2,326,47
410,카키,Khaki,COLOR,COLOR_KHAKI,420,180,600,0.3,3,327,37
460,라임그린,Lime Green,COLOR,COLOR_LIME_GREEN,390,200,590,0.339,2,328,38
668,미드라이즈,Mid Rise,DETAIL,DETAIL_MID_RISE,210,370,580,0.638,1,329,85
780,스모킹,Smocking,DETAIL,DETAIL_SMOCKING,390,190,580,0.328,2,330,85
224,바스켓백,Basket Bag,ITEM,ITEM_BASKET_BAG,210,360,570,0.632,1,331,106
162,봄버재킷,Bomber Jacket,ITEM,ITEM_BOMBER_JACKET,320,250,570,0.439,1,332,106
425,블루,Blue,COLOR,COLOR_BLUE,380,180,560,0.321,3,333,39
596,알파카,Alpaca,MATERIAL,MATERIAL_ALPACA,460,85,545,0.156,2,334,48
420,코코아브라운,Cocoa Brown,COLOR,COLOR_COCOA_BROWN,260,270,530,0.509,2,335,40
704,박시,Boxy,DETAIL,DETAIL_BOX,260,270,530,0.509,2,336,87
142,유니폼,Uniform,ITEM,ITEM_UNIFORM,240,290,530,0.547,2,337,108
542,저지,Jersey,MATERIAL,MATERIAL_JERSEY,210,320,530,0.604,5,338,49
503,페스티벌,Festival,TPO,TPO_FESTIVAL,200,325,525,0.619,2,339,34
501,생일 파티,Birthday Party,TPO,TPO_BIRTHDAY_PARTY,220,305,525,0.581,2,340,34
750,드로스트링,Drawstring,DETAIL,DETAIL_DRAWSTRING,260,265,525,0.505,2,341,88
196,워크부츠,Work Boots,ITEM,ITEM_WORK_BOOTS,210,310,520,0.596,1,342,109
454,핑크,Pink,COLOR,COLOR_PINK,290,225,515,0.437,3,343,41
628,스퀘어토,Square Toe,DETAIL,DETAIL_SQUARE_TOE,210,300,510,0.588,1,344,89
779,개더,Gather,DETAIL,DETAIL_GATHER,320,190,510,0.373,2,345,89
435,그레이,Gray,COLOR,COLOR_GRAY,150,350,500,0.7,3,346,42
685,플로럴,Floral,DETAIL,DETAIL_FLORAL,210,265,475,0.558,2,347,91
451,레드,Red,COLOR,COLOR_RED,130,340,470,0.723,3,348,43
727,노치드라펠,Notched Lapel,DETAIL,DETAIL_NOTCHED_LAPEL,260,210,470,0.447,1,349,92
765,태슬,Tassel,DETAIL,DETAIL_TASSEL,140,320,460,0.696,2,350,93
437,화이트,White,COLOR,COLOR_WHITE,290,165,455,0.363,3,351,44
564,스판덱스,Spandex,MATERIAL,MATERIAL_SPANDEX,190,265,455,0.582,2,352,50
433,차콜,Charcoal,COLOR,COLOR_CHARCOAL,210,240,450,0.533,3,353,45
574,레더,Leather,MATERIAL,MATERIAL_LEATHER,330,95,425,0.224,2,354,51
690,컬러블록,Color Block,DETAIL,DETAIL_COLOR_BLOCK,260,165,425,0.388,2,355,94
466,레몬옐로우,Lemon Yellow,COLOR,COLOR_LEMON_YELLOW,260,160,420,0.381,2,356,46
681,지브라,Zebra Print,DETAIL,DETAIL_ZEBRA,320,75,395,0.19,2,357,95
413,올리브,Olive,COLOR,COLOR_OLIVE,210,180,390,0.462,3,358,47
761,자수,Embroidery,DETAIL,DETAIL_EMBROIDERY,0,390,390,1.0,2,359,96
698,컴포트핏,Comfort Fit,DETAIL,DETAIL_COMFORT_FIT,90,300,390,0.769,1,360,96
739,플랩포켓,Flap Pocket,DETAIL,DETAIL_FLAP_POCKET,210,170,380,0.447,1,361,98
453,퍼플,Purple,COLOR,COLOR_PURPLE,80,300,380,0.789,3,362,48
393,다크 아카데미아,Dark Academia,STYLE,STYLE_DARK_ACADEMIA,320,60,380,0.158,2,363,22
589,도비,Dobby,MATERIAL,MATERIAL_DOBBY,140,200,340,0.588,2,364,52
518,연말연시,Year-end and New Year,TPO,TPO_NEW_YEAR_SEASON,230,110,340,0.324,3,365,36
379,시크,Chic,STYLE,STYLE_CHIC,260,80,340,0.235,2,366,23
486,명절,Korean Holiday,TPO,TPO_KOREAN_HOLIDAY,50,285,335,0.851,3,367,37
607,청키힐,Chunky Heel,DETAIL,DETAIL_CHUNKY_HEEL,110,220,330,0.667,1,368,99
463,애플그린,Apple Green,COLOR,COLOR_APPLE_GREEN,170,160,330,0.485,2,369,49
645,스탠드칼라,Stand Collar,DETAIL,DETAIL_MANDARIN_COLLAR,260,70,330,0.212,1,370,99
439,아이보리,Ivory,COLOR,COLOR_IVORY,170,150,320,0.469,3,371,50
666,레글런소매,Raglan Sleeve,DETAIL,DETAIL_RAGLAN_SLEEVE,260,60,320,0.188,1,372,101
733,돌먼소매,Dolman Sleeve,DETAIL,DETAIL_DOLMAN_SLEEVE,260,50,310,0.161,1,373,102
760,비즈,Beading,DETAIL,DETAIL_BEADING,170,140,310,0.452,2,374,102
660,긴소매,Long Sleeve,DETAIL,DETAIL_LONG_SLEEVE,210,100,310,0.323,1,375,102
445,오트밀베이지,Oatmeal Beige,COLOR,COLOR_OATMEAL_BEIGE,210,90,300,0.3,2,376,51
424,민트,Mint,COLOR,COLOR_MINT,160,140,300,0.467,3,377,51
578,메시,Mesh,MATERIAL,MATERIAL_MESH,90,200,290,0.69,2,378,53
730,벌룬소매,Balloon Sleeve,DETAIL,DETAIL_BALLOON_SLEEVE,210,80,290,0.276,1,379,105
764,프린지,Fringe,DETAIL,DETAIL_FRINGE,190,95,285,0.333,2,380,106
664,7부소매,Three-quarter Sleeve,DETAIL,DETAIL_4_SLEEVE,170,110,280,0.393,1,381,107
711,목토,Moc Toe,DETAIL,DETAIL_MOC_TOE,110,170,280,0.607,2,382,107
624,슬림스트레이트,Slim Straight,DETAIL,DETAIL_SLIM_STRAIGHT,130,145,275,0.527,2,383,109
725,피터팬칼라,Peter Pan Collar,DETAIL,DETAIL_PETER_PAN_COLLAR,260,15,275,0.055,1,384,109
423,그린,Green,COLOR,COLOR_GREEN,130,140,270,0.519,3,385,53
248,유틸리티벨트,Utility Belt,ITEM,ITEM_UTILITY_BELT,210,55,265,0.208,1,386,110
543,벨루어,Velour,MATERIAL,MATERIAL_VELOUR,200,60,260,0.231,2,387,54
381,러블리,Lovely,STYLE,STYLE_LOVELY,180,75,255,0.294,2,388,24
517,환절기,Seasonal Transition,TPO,TPO_SEASONAL_TRANSITION,120,130,250,0.52,3,389,38
766,스터드,Stud,DETAIL,DETAIL_STUD,140,105,245,0.429,2,390,111
527,미술관,Museum,TPO,TPO_GALLERY,140,105,245,0.429,2,391,39
522,야외,Outdoor,TPO,TPO_OUTDOOR,70,170,240,0.708,2,392,40
168,트러커재킷,Trucker Jacket,ITEM,ITEM_TRUCKER_JACKET,140,100,240,0.417,1,393,111
416,브릭레드,Brick Red,COLOR,COLOR_BRICK_RED,210,20,230,0.087,2,394,54
572,디스트레스드,Distressed,MATERIAL,MATERIAL_DISTRESSED,90,140,230,0.609,2,395,55
222,발레플랫슈즈,Ballet Flats,ITEM,ITEM_BALLET_FLATS,40,190,230,0.826,1,396,112
611,크롭기장,Cropped Length,DETAIL,DETAIL_CROPPED_LENGTH,170,60,230,0.261,1,397,112
499,피크닉,Picnic,TPO,TPO_PICNIC,140,90,230,0.391,2,398,41
161,라이더재킷,Biker Jacket,ITEM,ITEM_BIKER_JACKET,170,60,230,0.261,1,399,112
696,릴랙스핏,Relaxed Fit,DETAIL,DETAIL_RELAXED_FIT,50,170,220,0.773,1,400,113
399,비즈니스코어,Businesscore,STYLE,STYLE_BUSINESSCORE,160,60,220,0.273,2,401,25
167,코치재킷,Coach Jacket,ITEM,ITEM_COACH_JACKET,140,70,210,0.333,1,402,114
723,셔츠칼라,Shirt Collar,DETAIL,DETAIL_SHIRT_COLLAR,170,40,210,0.19,1,403,114
573,시폰,Chiffon,MATERIAL,MATERIAL_CHIFFON,160,45,205,0.22,2,404,56
555,큐프로,Cupro,MATERIAL,MATERIAL_CUPRO,30,170,200,0.85,2,405,57
731,비숍소매,Bishop Sleeve,DETAIL,DETAIL_BISHOP_SLEEVE,170,25,195,0.128,1,406,115
456,오렌지,Orange,COLOR,COLOR_ORANGE,90,105,195,0.538,3,407,55
467,선셋오렌지,Sunset Orange,COLOR,COLOR_SUNSET_ORANGE,90,100,190,0.526,2,408,56
228,유틸리티백,Utility Bag,ITEM,ITEM_UTILITY_BAG,70,110,180,0.611,1,409,115
468,토마토레드,Tomato Red,COLOR,COLOR_TOMATO_RED,70,100,170,0.588,2,410,57
380,걸리시,Girlish,STYLE,STYLE_GIRLISH,120,45,165,0.273,2,411,26
702,코쿤,Cocoon,DETAIL,DETAIL_COCOON,100,65,165,0.394,2,412,116
726,세일러칼라,Sailor Collar,DETAIL,DETAIL_SAILOR_COLLAR,140,25,165,0.152,1,413,116
603,헴프,Hemp,MATERIAL,MATERIAL_HEMP,80,85,165,0.515,2,414,58
663,5부소매,Elbow-length Sleeve,DETAIL,DETAIL_HALF_SLEEVE,110,50,160,0.312,1,415,118
680,레오파드,Leopard Print,DETAIL,DETAIL_LEOPARD,90,65,155,0.419,2,416,119
571,워싱,Wash,MATERIAL,MATERIAL_WASHED,40,115,155,0.742,2,417,59
743,체스트포켓,Chest Pocket,DETAIL,DETAIL_CHEST_POCKET,100,50,150,0.333,2,418,120
768,펄장식,Pearl Detail,DETAIL,DETAIL_PEARL,40,110,150,0.733,2,419,120
538,MT,Membership Training,TPO,TPO_MT,110,40,150,0.267,3,420,42
427,데님블루,Denim Blue,COLOR,COLOR_DENIM_BLUE,90,60,150,0.4,2,421,58
170,플리스재킷,Fleece Jacket,ITEM,ITEM_FLEECE_JACKET,90,50,140,0.357,1,422,116
421,토스트브라운,Toast Brown,COLOR,COLOR_TOAST_BROWN,0,130,130,1.0,2,423,59
523,카페,Cafe,TPO,TPO_CAFE,40,90,130,0.692,2,424,43
605,블록힐,Block Heel,DETAIL,DETAIL_BLOCK_HEEL,50,80,130,0.615,1,425,122
755,보우,Bow,DETAIL,DETAIL_BOW,70,55,125,0.44,2,426,123
520,도심,City,TPO,TPO_CITY,70,55,125,0.44,2,427,44
737,패치포켓,Patch Pocket,DETAIL,DETAIL_PATCH_POCKET,90,30,120,0.25,1,428,124
710,아몬드토,Almond Toe,DETAIL,DETAIL_ALMOND_TOE,40,80,120,0.667,1,429,124
774,컷아웃,Cut-out,DETAIL,DETAIL_CUTOUT,60,55,115,0.478,2,430,126
455,옐로우,Yellow,COLOR,COLOR_YELLOW,40,75,115,0.652,3,431,60
473,라벤더,Lavender,COLOR,COLOR_LAVENDER,40,75,115,0.652,3,432,60
502,웨딩 촬영,Wedding Photoshoot,TPO,TPO_WEDDING_PHOTOSHOOT,20,95,115,0.826,3,433,45
544,프렌치테리,French Terry,MATERIAL,MATERIAL_FRENCH_TERRY,70,40,110,0.364,2,434,60
409,카멜,Camel,COLOR,COLOR_CAMEL,40,65,105,0.619,3,435,62
390,바이크코어,Bikercore,STYLE,STYLE_BIKERCORE,20,85,105,0.81,2,436,27
627,라운드토,Round Toe,DETAIL,DETAIL_ROUND_TOE,50,50,100,0.5,1,437,127
693,로고패턴,Logo Pattern,DETAIL,DETAIL_LOGO_PATTERN,90,10,100,0.1,1,438,127
449,실버,Silver,COLOR,COLOR_SILVER,60,40,100,0.4,3,439,63
586,생지,Raw Denim,MATERIAL,MATERIAL_DRY_DENIM,30,70,100,0.7,2,440,61
742,캥거루포켓,Kangaroo Pocket,DETAIL,DETAIL_KANGAROO_POCKET,40,55,95,0.579,1,441,129
401,와인,Wine,COLOR,COLOR_WINE,10,80,90,0.889,3,442,64
531,영화관,Movie Theater,TPO,TPO_MOVIE_THEATER,50,40,90,0.444,2,443,46
143,저지,Jersey,ITEM,ITEM_JERSEY,20,70,90,0.778,5,444,117
738,카고포켓,Cargo Pocket,DETAIL,DETAIL_CARGO_POCKET,70,15,85,0.176,1,445,130
732,벨소매,Bell Sleeve,DETAIL,DETAIL_BELL_SLEEVE,70,15,85,0.176,1,446,130
444,스모키그레이,Smoky Gray,COLOR,COLOR_SMOKY_GRAY,50,35,85,0.412,2,447,65
647,숏기장,Short Length,DETAIL,DETAIL_SHORT_LENGTH,50,35,85,0.412,1,448,130
650,미디기장,Midi Length,DETAIL,DETAIL_MIDI_LENGTH,40,40,80,0.5,1,449,133
490,회식,Company Dinner,TPO,TPO_COMPANY_DINNER,30,50,80,0.625,2,450,47
452,코랄,Coral,COLOR,COLOR_CORAL,40,35,75,0.467,3,451,66
396,클린 걸,Clean Girl,STYLE,STYLE_CLEAN_GIRL,50,20,70,0.286,2,452,28
470,카나리아옐로우,Canary Yellow,COLOR,COLOR_CANARY_YELLOW,50,20,70,0.286,2,453,67
718,검솔,Gum Sole,DETAIL,DETAIL_GUM_SOLE,50,20,70,0.286,2,454,134
165,스타디움재킷,Stadium Jacket,ITEM,ITEM_STADIUM_JACKET,50,20,70,0.286,1,455,118
769,체인장식,Chain Detail,DETAIL,DETAIL_CHAIN,50,15,65,0.231,1,456,135
646,롱기장,Long Length,DETAIL,DETAIL_LONG_LENGTH,40,25,65,0.385,1,457,135
537,워크숍,Workshop,TPO,TPO_WORKSHOP,20,45,65,0.692,2,458,48
169,트레이닝재킷,Track Jacket,ITEM,ITEM_TRACK_JACKET,50,15,65,0.231,1,459,119
721,키홀넥,Keyhole Neck,DETAIL,DETAIL_KEYHOLE_NECK,40,20,60,0.333,1,460,137
792,절개,,DETAIL,,30,25,55,0.455,2,461,138
576,무스탕,Shearling,MATERIAL,MATERIAL_SHEARLING,20,35,55,0.636,5,462,62
591,스트레치 데님,Stretch Denim,MATERIAL,MATERIAL_STRETCH_DENIM,20,35,55,0.636,2,463,62
626,스플릿토,Split Toe,DETAIL,DETAIL_SPLIT_TOE,0,50,50,1.0,1,464,139
447,펄,Pearl,COLOR,COLOR_PEARL,20,30,50,0.6,3,465,68
513,주말,Weekend,TPO,TPO_WEEKEND,20,30,50,0.6,2,466,49
448,골드,Gold,COLOR,COLOR_GOLD,20,30,50,0.6,3,467,68
434,크림,Cream,COLOR,COLOR_CREAM,20,30,50,0.6,3,468,68
716,러그솔,Lug Sole,DETAIL,DETAIL_LUG_SOLE,20,25,45,0.556,2,469,140
717,청키솔,Chunky Sole,DETAIL,DETAIL_CHUNKY_SOLE,20,25,45,0.556,2,470,140
712,캡토,Cap Toe,DETAIL,DETAIL_CAP_TOE,10,35,45,0.778,2,471,140
785,소매,,DETAIL,,20,20,40,0.5,2,472,143
493,브런치,Brunch,TPO,TPO_BRUNCH,0,40,40,1.0,2,473,50
497,집들이,Housewarming,TPO,TPO_HOUSEWARMING,0,40,40,1.0,2,474,50
762,아플리케,Applique,DETAIL,DETAIL_APPLIQUE,10,25,35,0.714,2,475,144
469,워터멜론핑크,Watermelon Pink,COLOR,COLOR_WATERMELON_PINK,0,35,35,1.0,2,476,71
528,백화점,Department Store,TPO,TPO_DEPARTMENT_STORE,10,25,35,0.714,2,477,52
579,다운,Down,MATERIAL,MATERIAL_DOWN,10,25,35,0.714,2,478,64
744,지퍼포켓,Zip Pocket,DETAIL,DETAIL_ZIP_POCKET,20,15,35,0.429,1,479,144
474,라일락,Lilac,COLOR,COLOR_LILAC,0,35,35,1.0,3,480,71
714,콘힐,Cone Heel,DETAIL,DETAIL_CONE_HEEL,10,25,35,0.714,1,481,144
458,탠저린,Tangerine,COLOR,COLOR_TANGERINE,0,30,30,1.0,3,482,73
414,초콜릿,Chocolate,COLOR,COLOR_CHOCOLATE,0,30,30,1.0,3,483,73
457,오키드,Orchid,COLOR,COLOR_ORCHID,0,30,30,1.0,3,484,73
472,피치,Peach,COLOR,COLOR_PEACH,0,30,30,1.0,3,485,73
471,살몬,Salmon,COLOR,COLOR_SALMON,0,30,30,1.0,3,486,73
411,러스트,Rust,COLOR,COLOR_RUST,0,30,30,1.0,3,487,73
408,탠,Tan,COLOR,COLOR_TAN,0,30,30,1.0,3,488,73
512,저녁,Evening,TPO,TPO_EVENING,0,30,30,1.0,3,489,53
525,골프장,Golf Course,TPO,TPO_GOLF_COURSE,0,30,30,1.0,2,490,53
763,레이스트림,Lace Trim,DETAIL,DETAIL_LACE_TRIM,10,20,30,0.667,1,491,147
689,추상패턴,Abstract Pattern,DETAIL,DETAIL_ABSTRACT,20,10,30,0.333,1,492,147
459,퓨시아,Fuchsia,COLOR,COLOR_FUCHSIA,0,30,30,1.0,3,493,73
422,틸,Teal,COLOR,COLOR_TEAL,0,30,30,1.0,3,494,73
404,아메시스트,Amethyst,COLOR,COLOR_AMETHYST,0,30,30,1.0,3,495,73
405,인디고블루,Indigo Blue,COLOR,COLOR_INDIGO_BLUE,0,30,30,1.0,3,496,73
707,니렝스,Knee Length,DETAIL,DETAIL_KNEE_LENGTH,10,15,25,0.6,1,497,149
601,저마,Ramie,MATERIAL,MATERIAL_RAMIE,0,25,25,1.0,2,498,65
720,스위트하트넥,Sweetheart Neck,DETAIL,DETAIL_SWEETHEART_NECK,10,15,25,0.6,1,499,149
748,후크앤아이,Hook-and-eye,DETAIL,DETAIL_HOOK_EYE,0,25,25,1.0,1,500,149
657,미들기장,Mid-calf Shaft,DETAIL,DETAIL_MID_CALF_SHAFT,0,25,25,1.0,1,501,149
789,포켓,,DETAIL,,0,20,20,1.0,2,502,153
767,라인스톤,Rhinestone,DETAIL,DETAIL_RHINESTONE,0,20,20,1.0,2,503,153
623,커브드레그,Curved Leg,DETAIL,DETAIL_CURVED_LEG,0,20,20,1.0,2,504,153
514,평일,Weekday,TPO,TPO_WEEKDAY,0,20,20,1.0,2,505,55
510,아침,Morning,TPO,TPO_MORNING,0,20,20,1.0,2,506,55
575,리얼퍼,Real Fur,MATERIAL,MATERIAL_REAL_FUR,0,20,20,1.0,2,507,66
772,루칭,Ruching,DETAIL,DETAIL_RUCHING,0,20,20,1.0,2,508,153
592,리플스탑,Ripstop,MATERIAL,MATERIAL_RIPSTOP,0,20,20,1.0,2,509,66
561,에코퍼,Faux Fur,MATERIAL,MATERIAL_FAUX_FUR,0,20,20,1.0,2,510,66
630,슬립온,Slip-on,DETAIL,DETAIL_SLIP_ON,0,20,20,1.0,4,511,153
777,언밸런스,Asymmetric,DETAIL,DETAIL_ASYMMETRIC,0,20,20,1.0,2,512,153
652,3부기장,Short Length,DETAIL,DETAIL_3_BU_LENGTH,0,15,15,1.0,1,513,159
715,스풀힐,Spool Heel,DETAIL,DETAIL_SPOOL_HEEL,0,15,15,1.0,1,514,159
648,맥시기장,Maxi Length,DETAIL,DETAIL_MAXI_LENGTH,0,15,15,1.0,1,515,159
651,10부기장,Full Length,DETAIL,DETAIL_10_BU_LENGTH,0,15,15,1.0,1,516,159
653,5부기장,Knee Length,DETAIL,DETAIL_5_BU_LENGTH,0,15,15,1.0,1,517,159
697,피티드핏,Fitted Fit,DETAIL,DETAIL_FITTED,0,15,15,1.0,1,518,159
770,메탈하드웨어,Metal Hardware,DETAIL,DETAIL_METAL_HARDWARE,0,10,10,1.0,1,519,165
649,미니기장,Mini Length,DETAIL,DETAIL_MINI_LENGTH,0,10,10,1.0,1,520,165
670,밴딩허리,Elastic Waist,DETAIL,DETAIL_ELASTIC_WAIST,0,10,10,1.0,1,521,165
629,포인티토,Pointed Toe,DETAIL,DETAIL_POINTY_TOE,0,10,10,1.0,1,522,165
659,니하이기장,Knee-high Shaft,DETAIL,DETAIL_KNEE_HIGH_SHAFT,0,10,10,1.0,1,523,165
656,9부기장,Ankle Length,DETAIL,DETAIL_9_BU_LENGTH,0,10,10,1.0,1,524,165
654,6-7부기장,Cropped Calf Length,DETAIL,DETAIL_6_7BU_LENGTH,0,10,10,1.0,1,525,165
655,8부기장,Ankle-cropped Length,DETAIL,DETAIL_8_BU_LENGTH,0,10,10,1.0,1,526,165
683,스네이크프린트,Snake Print,DETAIL,DETAIL_SNAKE_PRINT,0,10,10,1.0,1,527,165
682,카우프린트,Cow Print,DETAIL,DETAIL_COW_PRINT,0,10,10,1.0,1,528,165
735,플러터소매,Flutter Sleeve,DETAIL,DETAIL_FLUTTER_SLEEVE,0,10,10,1.0,1,529,165
734,배트윙소매,Batwing Sleeve,DETAIL,DETAIL_BATWING_SLEEVE,0,10,10,1.0,1,530,165
709,오버니기장,Over-the-knee Length,DETAIL,DETAIL_OVER_KNEE_SHAFT,0,10,10,1.0,1,531,165
708,앵클기장,Ankle Length,DETAIL,DETAIL_ANKLE_LENGTH,0,10,10,1.0,1,532,165
724,폴로칼라,Polo Collar,DETAIL,DETAIL_POLO_COLLAR,0,10,10,1.0,1,533,165
722,언밸런스넥,Asymmetric Neckline,DETAIL,DETAIL_ASYMMETRIC_NECK,0,10,10,1.0,1,534,165
741,슬래시포켓,Slash Pocket,DETAIL,DETAIL_SLASH_POCKET,0,10,10,1.0,1,535,165
745,지퍼여밈,Zip Closure,DETAIL,DETAIL_ZIP_CLOSURE,0,10,10,1.0,1,536,165
746,버튼여밈,Button Closure,DETAIL,DETAIL_BUTTON_CLOSURE,0,10,10,1.0,1,537,165
747,스냅여밈,Snap Closure,DETAIL,DETAIL_SNAP_CLOSURE,0,10,10,1.0,1,538,165
749,버클여밈,Buckle Closure,DETAIL,DETAIL_BUCKLE_CLOSURE,0,10,10,1.0,1,539,165
753,타이여밈,Tie Closure,DETAIL,DETAIL_TIE_CLOSURE,0,10,10,1.0,1,540,165
751,토글여밈,Toggle Closure,DETAIL,DETAIL_TOGGLE,0,10,10,1.0,1,541,165
798,4부기장,Short Length,DETAIL,DETAIL_4_BU_LENGTH,0,10,10,1.0,1,542,165
