label,text
고프코어,"Gorpcore fashion with technical outdoor clothing, utility details, functional layers, hiking-inspired pieces, shell jackets, fleece, cargo pants, and trail footwear."
블록코어,"Blokecore fashion inspired by football culture, featuring soccer jerseys, track jackets, sporty shorts, sneakers, scarves, and casual terrace styling."
바이크코어,"Bikercore fashion with motorcycle-inspired styling, leather biker jackets, fitted silhouettes, washed denim, biker boots, metal hardware, studs, and rugged details."
놈코어,"Normcore fashion focused on understated everyday basics, simple silhouettes, neutral colors, plain T-shirts, straight pants, practical outerwear, and unpretentious sneakers."
애슬레저,"Athleisure fashion combining athletic and everyday wear, including leggings, track pants, hoodies, sweatshirts, fitted sports tops, sneakers, and comfortable performance-inspired pieces."
클래식,"Classic fashion with timeless and refined wardrobe staples, structured coats, tailored jackets, shirts, knitwear, straight trousers, loafers, and restrained elegant styling."
아메카지,"Amekaji fashion inspired by American casual and heritage workwear, featuring denim, work jackets, military pieces, flannel shirts, chinos, sweatshirts, and vintage casual styling."
그런지,"Grunge fashion with distressed and rebellious styling, oversized layers, faded graphic T-shirts, plaid shirts, worn denim, dark colors, chunky boots, and intentionally undone details."
페미닌,"Feminine fashion with soft and elegant styling, fitted silhouettes, blouses, dresses, skirts, delicate knits, graceful details, light fabrics, and romantic accents."
스트릿웨어,"Streetwear fashion with urban casual styling, oversized T-shirts, hoodies, sweatshirts, baggy pants, sneakers, caps, graphic elements, and relaxed layered silhouettes."
