source_code,param_key,target_count
kream,mode,6
kream,sort,6
kream,limit,6
kream,tab_id,6
kream,detail_limit,6
kream,include_detail,6
musinsa,limit,92
musinsa,collect_options,1
musinsa,collect_reviews,1
zigzag,order,68
zigzag,action_id,68
zigzag,layout_id,68
zigzag,max_delay,68
zigzag,min_delay,68
zigzag,module_slot_id,68
zigzag,collection_type,68
zigzag,max_rank,60
zigzag,group_name,60
zigzag,ranking_mode,60
zigzag,review_limit,60
zigzag,collect_reviews,60
zigzag,sub_category_id,60
zigzag,review_max_delay,60
zigzag,review_min_delay,60
zigzag,parent_category_id,60
zigzag,detail_category_name,60
zigzag,parent_category_name,60
zigzag,groups,8
zigzag,limits,8
zigzag,category_id,8
YOUTUBE,seed,39
YOUTUBE,channel_id,39
YOUTUBE,video_limit,39
YOUTUBE,collect_videos,39
ABLY,filter,32
ABLY,period,32
ABLY,max_rank,32
ABLY,category_sno,32
ABLY,market_type_sno,32
ABLY,ranking_mode,27
ABLY,review_limit,27
ABLY,collect_reviews,27
ABLY,parent_category_sno,27
ABLY,detail_category_name,27
ABLY,parent_category_name,27
ABLY,category_snos,1
musinsa_used,limit,455
musinsa_used,live,448
musinsa_used,gender,448
musinsa_used,page_size,448
musinsa_used,sort_code,448
musinsa_used,category_id,448
musinsa_used,filter_name,448
musinsa_used,filter_type,448
musinsa_used,filter_label,448
musinsa_used,filter_value,448
musinsa_used,category_name,448
musinsa_used,filter_parameter,448
musinsa_used,observation_type,448
